shape,group,category,quality,old_name,new_name,source_path,source_grid,source_cell,file_path,new_file_path
circle,AI simple Anti AI,Nearly Perfect,high,round1-circle_10v_cropped_padded__circle-final-6x6_high__01_10_12.png,01_2880x2880_high.png,round1-circle_10v_cropped_padded/circle-final-6x6_high/01_10_12.png,10,12,newData/circle/AI simple Anti AI/Nearly Perfect/round1-circle_10v_cropped_padded__circle-final-6x6_high__01_10_12.png,newData/circle/AI simple Anti AI/Nearly Perfect/01_2880x2880_high.png
circle,AI simple Anti AI,Nearly Perfect,high,round1-circle_10v_cropped_padded__circle-final-6x6_high__01_1_08.png,02_2880x2880_high.png,round1-circle_10v_cropped_padded/circle-final-6x6_high/01_1_08.png,1,8,newData/circle/AI simple Anti AI/Nearly Perfect/round1-circle_10v_cropped_padded__circle-final-6x6_high__01_1_08.png,newData/circle/AI simple Anti AI/Nearly Perfect/02_2880x2880_high.png
circle,AI simple Anti AI,Nearly Perfect,high,round1-circle_10v_cropped_padded__circle-final-6x6_high__01_1_14.png,03_2880x2880_high.png,round1-circle_10v_cropped_padded/circle-final-6x6_high/01_1_14.png,1,14,newData/circle/AI simple Anti AI/Nearly Perfect/round1-circle_10v_cropped_padded__circle-final-6x6_high__01_1_14.png,newData/circle/AI simple Anti AI/Nearly Perfect/03_2880x2880_high.png
circle,AI simple Anti AI,Nearly Perfect,high,round1-circle_cropped_padded__circle-final-6x6_high__01_10.png,04_2880x2880_high.png,round1-circle_cropped_padded/circle-final-6x6_high/01_10.png,1,10,newData/circle/AI simple Anti AI/Nearly Perfect/round1-circle_cropped_padded__circle-final-6x6_high__01_10.png,newData/circle/AI simple Anti AI/Nearly Perfect/04_2880x2880_high.png
circle,AI simple Anti AI,Nearly Perfect,high,round1-circle_cropped_padded__circle-final-6x6_high__02_03.png,05_2880x2880_high.png,round1-circle_cropped_padded/circle-final-6x6_high/02_03.png,2,3,newData/circle/AI simple Anti AI/Nearly Perfect/round1-circle_cropped_padded__circle-final-6x6_high__02_03.png,newData/circle/AI simple Anti AI/Nearly Perfect/05_2880x2880_high.png
circle,AI simple Anti AI,Nearly Perfect,high,round1-circle_cropped_padded__circle-final-6x6_high__02_23.png,06_2880x2880_high.png,round1-circle_cropped_padded/circle-final-6x6_high/02_23.png,2,23,newData/circle/AI simple Anti AI/Nearly Perfect/round1-circle_cropped_padded__circle-final-6x6_high__02_23.png,newData/circle/AI simple Anti AI/Nearly Perfect/06_2880x2880_high.png
circle,AI simple Anti AI,Nearly Perfect,high,round1-circle_cropped_padded__circle-final-6x6_high__03_03.png,07_2880x2880_high.png,round1-circle_cropped_padded/circle-final-6x6_high/03_03.png,3,3,newData/circle/AI simple Anti AI/Nearly Perfect/round1-circle_cropped_padded__circle-final-6x6_high__03_03.png,newData/circle/AI simple Anti AI/Nearly Perfect/07_2880x2880_high.png
circle,AI simple Anti AI,Nearly Perfect,high,round1-circle_cropped_padded__circle-final-6x6_high__03_07.png,08_2880x2880_high.png,round1-circle_cropped_padded/circle-final-6x6_high/03_07.png,3,7,newData/circle/AI simple Anti AI/Nearly Perfect/round1-circle_cropped_padded__circle-final-6x6_high__03_07.png,newData/circle/AI simple Anti AI/Nearly Perfect/08_2880x2880_high.png
circle,AI simple Anti AI,Nearly Perfect,medium,round1-circle_cropped_padded__circle-final-6x6_medium__01_13.png,09_2880x2880_medium.png,round1-circle_cropped_padded/circle-final-6x6_medium/01_13.png,1,13,newData/circle/AI simple Anti AI/Nearly Perfect/round1-circle_cropped_padded__circle-final-6x6_medium__01_13.png,newData/circle/AI simple Anti AI/Nearly Perfect/09_2880x2880_medium.png
circle,AI simple Anti AI,Nearly Perfect,medium,round1-circle_cropped_padded__circle-final-6x6_medium__02_11.png,10_2880x2880_medium.png,round1-circle_cropped_padded/circle-final-6x6_medium/02_11.png,2,11,newData/circle/AI simple Anti AI/Nearly Perfect/round1-circle_cropped_padded__circle-final-6x6_medium__02_11.png,newData/circle/AI simple Anti AI/Nearly Perfect/10_2880x2880_medium.png
circle,AI simple Anti AI,Nearly Perfect,medium,round1-circle_cropped_padded__circle-final-6x6_medium__03_06.png,11_2880x2880_medium.png,round1-circle_cropped_padded/circle-final-6x6_medium/03_06.png,3,6,newData/circle/AI simple Anti AI/Nearly Perfect/round1-circle_cropped_padded__circle-final-6x6_medium__03_06.png,newData/circle/AI simple Anti AI/Nearly Perfect/11_2880x2880_medium.png
circle,AI simple Anti AI,Nearly Perfect,medium,round1-circle_cropped_padded__circle-final-6x6_medium__03_22.png,12_2880x2880_medium.png,round1-circle_cropped_padded/circle-final-6x6_medium/03_22.png,3,22,newData/circle/AI simple Anti AI/Nearly Perfect/round1-circle_cropped_padded__circle-final-6x6_medium__03_22.png,newData/circle/AI simple Anti AI/Nearly Perfect/12_2880x2880_medium.png
circle,AI simple Anti AI,Nearly Perfect,medium,round1-circle_cropped_padded__circle-final-6x6_medium__04_04.png,13_2880x2880_medium.png,round1-circle_cropped_padded/circle-final-6x6_medium/04_04.png,4,4,newData/circle/AI simple Anti AI/Nearly Perfect/round1-circle_cropped_padded__circle-final-6x6_medium__04_04.png,newData/circle/AI simple Anti AI/Nearly Perfect/13_2880x2880_medium.png
circle,AI simple Anti AI,Perfect,high,round1-circle_10v_cropped_padded__circle-final-6x6_high__01_10_01.png,01_2880x2880_high.png,round1-circle_10v_cropped_padded/circle-final-6x6_high/01_10_01.png,10,1,newData/circle/AI simple Anti AI/Perfect/round1-circle_10v_cropped_padded__circle-final-6x6_high__01_10_01.png,newData/circle/AI simple Anti AI/Perfect/01_2880x2880_high.png
circle,AI simple Anti AI,Perfect,high,round1-circle_10v_cropped_padded__circle-final-6x6_high__01_10_06.png,02_2880x2880_high.png,round1-circle_10v_cropped_padded/circle-final-6x6_high/01_10_06.png,10,6,newData/circle/AI simple Anti AI/Perfect/round1-circle_10v_cropped_padded__circle-final-6x6_high__01_10_06.png,newData/circle/AI simple Anti AI/Perfect/02_2880x2880_high.png
circle,AI simple Anti AI,Perfect,high,round1-circle_10v_cropped_padded__circle-final-6x6_high__01_10_20.png,03_2880x2880_high.png,round1-circle_10v_cropped_padded/circle-final-6x6_high/01_10_20.png,10,20,newData/circle/AI simple Anti AI/Perfect/round1-circle_10v_cropped_padded__circle-final-6x6_high__01_10_20.png,newData/circle/AI simple Anti AI/Perfect/03_2880x2880_high.png
circle,AI simple Anti AI,Perfect,high,round1-circle_10v_cropped_padded__circle-final-6x6_high__01_1_06.png,04_2880x2880_high.png,round1-circle_10v_cropped_padded/circle-final-6x6_high/01_1_06.png,1,6,newData/circle/AI simple Anti AI/Perfect/round1-circle_10v_cropped_padded__circle-final-6x6_high__01_1_06.png,newData/circle/AI simple Anti AI/Perfect/04_2880x2880_high.png
circle,AI simple Anti AI,Perfect,medium,round1-circle_10v_cropped_padded__circle-final-6x6_medium__01_10_04.png,05_2880x2880_medium.png,round1-circle_10v_cropped_padded/circle-final-6x6_medium/01_10_04.png,10,4,newData/circle/AI simple Anti AI/Perfect/round1-circle_10v_cropped_padded__circle-final-6x6_medium__01_10_04.png,newData/circle/AI simple Anti AI/Perfect/05_2880x2880_medium.png
circle,AI simple Anti AI,Perfect,medium,round1-circle_10v_cropped_padded__circle-final-6x6_medium__01_10_10.png,06_2880x2880_medium.png,round1-circle_10v_cropped_padded/circle-final-6x6_medium/01_10_10.png,10,10,newData/circle/AI simple Anti AI/Perfect/round1-circle_10v_cropped_padded__circle-final-6x6_medium__01_10_10.png,newData/circle/AI simple Anti AI/Perfect/06_2880x2880_medium.png
circle,AI simple Anti AI,Perfect,medium,round1-circle_10v_cropped_padded__circle-final-6x6_medium__01_10_12.png,07_2880x2880_medium.png,round1-circle_10v_cropped_padded/circle-final-6x6_medium/01_10_12.png,10,12,newData/circle/AI simple Anti AI/Perfect/round1-circle_10v_cropped_padded__circle-final-6x6_medium__01_10_12.png,newData/circle/AI simple Anti AI/Perfect/07_2880x2880_medium.png
circle,AI simple Anti AI,Perfect,medium,round1-circle_10v_cropped_padded__circle-final-6x6_medium__01_10_14.png,08_2880x2880_medium.png,round1-circle_10v_cropped_padded/circle-final-6x6_medium/01_10_14.png,10,14,newData/circle/AI simple Anti AI/Perfect/round1-circle_10v_cropped_padded__circle-final-6x6_medium__01_10_14.png,newData/circle/AI simple Anti AI/Perfect/08_2880x2880_medium.png
circle,AI simple Anti AI,Perfect,medium,round1-circle_10v_cropped_padded__circle-final-6x6_medium__01_1_01.png,09_2880x2880_medium.png,round1-circle_10v_cropped_padded/circle-final-6x6_medium/01_1_01.png,1,1,newData/circle/AI simple Anti AI/Perfect/round1-circle_10v_cropped_padded__circle-final-6x6_medium__01_1_01.png,newData/circle/AI simple Anti AI/Perfect/09_2880x2880_medium.png
circle,AI simple Anti AI,Perfect,medium,round1-circle_10v_cropped_padded__circle-final-6x6_medium__01_1_05.png,10_2880x2880_medium.png,round1-circle_10v_cropped_padded/circle-final-6x6_medium/01_1_05.png,1,5,newData/circle/AI simple Anti AI/Perfect/round1-circle_10v_cropped_padded__circle-final-6x6_medium__01_1_05.png,newData/circle/AI simple Anti AI/Perfect/10_2880x2880_medium.png
circle,AI simple Anti AI,Perfect,medium,round1-circle_10v_cropped_padded__circle-final-6x6_medium__01_1_17.png,11_2880x2880_medium.png,round1-circle_10v_cropped_padded/circle-final-6x6_medium/01_1_17.png,1,17,newData/circle/AI simple Anti AI/Perfect/round1-circle_10v_cropped_padded__circle-final-6x6_medium__01_1_17.png,newData/circle/AI simple Anti AI/Perfect/11_2880x2880_medium.png
circle,AI simple Anti AI,Perfect,medium,round1-circle_10v_cropped_padded__circle-final-6x6_medium__01_2_01.png,12_2880x2880_medium.png,round1-circle_10v_cropped_padded/circle-final-6x6_medium/01_2_01.png,2,1,newData/circle/AI simple Anti AI/Perfect/round1-circle_10v_cropped_padded__circle-final-6x6_medium__01_2_01.png,newData/circle/AI simple Anti AI/Perfect/12_2880x2880_medium.png
circle,AI simple Anti AI,Perfect,medium,round1-circle_10v_cropped_padded__circle-final-6x6_medium__01_2_09.png,13_2880x2880_medium.png,round1-circle_10v_cropped_padded/circle-final-6x6_medium/01_2_09.png,2,9,newData/circle/AI simple Anti AI/Perfect/round1-circle_10v_cropped_padded__circle-final-6x6_medium__01_2_09.png,newData/circle/AI simple Anti AI/Perfect/13_2880x2880_medium.png
circle,AI simple Anti AI,Perfect,medium,round1-circle_10v_cropped_padded__circle-final-6x6_medium__01_2_15.png,14_2880x2880_medium.png,round1-circle_10v_cropped_padded/circle-final-6x6_medium/01_2_15.png,2,15,newData/circle/AI simple Anti AI/Perfect/round1-circle_10v_cropped_padded__circle-final-6x6_medium__01_2_15.png,newData/circle/AI simple Anti AI/Perfect/14_2880x2880_medium.png
circle,AI simple Anti AI,Perfect,medium,round1-circle_10v_cropped_padded__circle-final-6x6_medium__01_2_19.png,15_2880x2880_medium.png,round1-circle_10v_cropped_padded/circle-final-6x6_medium/01_2_19.png,2,19,newData/circle/AI simple Anti AI/Perfect/round1-circle_10v_cropped_padded__circle-final-6x6_medium__01_2_19.png,newData/circle/AI simple Anti AI/Perfect/15_2880x2880_medium.png
circle,AI simple Anti AI,Perfect,high,round1-circle_cropped_padded__circle-final-6x6_high__01_01.png,16_2880x2880_high.png,round1-circle_cropped_padded/circle-final-6x6_high/01_01.png,1,1,newData/circle/AI simple Anti AI/Perfect/round1-circle_cropped_padded__circle-final-6x6_high__01_01.png,newData/circle/AI simple Anti AI/Perfect/16_2880x2880_high.png
circle,AI simple Anti AI,Perfect,high,round1-circle_cropped_padded__circle-final-6x6_high__01_04.png,17_2880x2880_high.png,round1-circle_cropped_padded/circle-final-6x6_high/01_04.png,1,4,newData/circle/AI simple Anti AI/Perfect/round1-circle_cropped_padded__circle-final-6x6_high__01_04.png,newData/circle/AI simple Anti AI/Perfect/17_2880x2880_high.png
circle,AI simple Anti AI,Perfect,high,round1-circle_cropped_padded__circle-final-6x6_high__01_06.png,18_2880x2880_high.png,round1-circle_cropped_padded/circle-final-6x6_high/01_06.png,1,6,newData/circle/AI simple Anti AI/Perfect/round1-circle_cropped_padded__circle-final-6x6_high__01_06.png,newData/circle/AI simple Anti AI/Perfect/18_2880x2880_high.png
circle,AI simple Anti AI,Perfect,high,round1-circle_cropped_padded__circle-final-6x6_high__01_11.png,19_2880x2880_high.png,round1-circle_cropped_padded/circle-final-6x6_high/01_11.png,1,11,newData/circle/AI simple Anti AI/Perfect/round1-circle_cropped_padded__circle-final-6x6_high__01_11.png,newData/circle/AI simple Anti AI/Perfect/19_2880x2880_high.png
circle,AI simple Anti AI,Perfect,high,round1-circle_cropped_padded__circle-final-6x6_high__01_14.png,20_2880x2880_high.png,round1-circle_cropped_padded/circle-final-6x6_high/01_14.png,1,14,newData/circle/AI simple Anti AI/Perfect/round1-circle_cropped_padded__circle-final-6x6_high__01_14.png,newData/circle/AI simple Anti AI/Perfect/20_2880x2880_high.png
circle,AI simple Anti AI,Perfect,high,round1-circle_cropped_padded__circle-final-6x6_high__02_01.png,21_2880x2880_high.png,round1-circle_cropped_padded/circle-final-6x6_high/02_01.png,2,1,newData/circle/AI simple Anti AI/Perfect/round1-circle_cropped_padded__circle-final-6x6_high__02_01.png,newData/circle/AI simple Anti AI/Perfect/21_2880x2880_high.png
circle,AI simple Anti AI,Perfect,high,round1-circle_cropped_padded__circle-final-6x6_high__02_05.png,22_2880x2880_high.png,round1-circle_cropped_padded/circle-final-6x6_high/02_05.png,2,5,newData/circle/AI simple Anti AI/Perfect/round1-circle_cropped_padded__circle-final-6x6_high__02_05.png,newData/circle/AI simple Anti AI/Perfect/22_2880x2880_high.png
circle,AI simple Anti AI,Perfect,high,round1-circle_cropped_padded__circle-final-6x6_high__02_09.png,23_2880x2880_high.png,round1-circle_cropped_padded/circle-final-6x6_high/02_09.png,2,9,newData/circle/AI simple Anti AI/Perfect/round1-circle_cropped_padded__circle-final-6x6_high__02_09.png,newData/circle/AI simple Anti AI/Perfect/23_2880x2880_high.png
circle,AI simple Anti AI,Perfect,high,round1-circle_cropped_padded__circle-final-6x6_high__02_13.png,24_2880x2880_high.png,round1-circle_cropped_padded/circle-final-6x6_high/02_13.png,2,13,newData/circle/AI simple Anti AI/Perfect/round1-circle_cropped_padded__circle-final-6x6_high__02_13.png,newData/circle/AI simple Anti AI/Perfect/24_2880x2880_high.png
circle,AI simple Anti AI,Perfect,high,round1-circle_cropped_padded__circle-final-6x6_high__03_11.png,25_2880x2880_high.png,round1-circle_cropped_padded/circle-final-6x6_high/03_11.png,3,11,newData/circle/AI simple Anti AI/Perfect/round1-circle_cropped_padded__circle-final-6x6_high__03_11.png,newData/circle/AI simple Anti AI/Perfect/25_2880x2880_high.png
circle,AI simple Anti AI,Perfect,high,round1-circle_cropped_padded__circle-final-6x6_high__03_17.png,26_2880x2880_high.png,round1-circle_cropped_padded/circle-final-6x6_high/03_17.png,3,17,newData/circle/AI simple Anti AI/Perfect/round1-circle_cropped_padded__circle-final-6x6_high__03_17.png,newData/circle/AI simple Anti AI/Perfect/26_2880x2880_high.png
circle,AI simple Anti AI,Perfect,high,round1-circle_cropped_padded__circle-final-6x6_high__04_07.png,27_2880x2880_high.png,round1-circle_cropped_padded/circle-final-6x6_high/04_07.png,4,7,newData/circle/AI simple Anti AI/Perfect/round1-circle_cropped_padded__circle-final-6x6_high__04_07.png,newData/circle/AI simple Anti AI/Perfect/27_2880x2880_high.png
circle,AI simple Anti AI,Perfect,high,round1-circle_cropped_padded__circle-final-6x6_high__04_09.png,28_2880x2880_high.png,round1-circle_cropped_padded/circle-final-6x6_high/04_09.png,4,9,newData/circle/AI simple Anti AI/Perfect/round1-circle_cropped_padded__circle-final-6x6_high__04_09.png,newData/circle/AI simple Anti AI/Perfect/28_2880x2880_high.png
circle,AI simple Anti AI,Perfect,medium,round1-circle_cropped_padded__circle-final-6x6_medium__01_01.png,29_2880x2880_medium.png,round1-circle_cropped_padded/circle-final-6x6_medium/01_01.png,1,1,newData/circle/AI simple Anti AI/Perfect/round1-circle_cropped_padded__circle-final-6x6_medium__01_01.png,newData/circle/AI simple Anti AI/Perfect/29_2880x2880_medium.png
circle,AI simple Anti AI,Perfect,medium,round1-circle_cropped_padded__circle-final-6x6_medium__01_03.png,30_2880x2880_medium.png,round1-circle_cropped_padded/circle-final-6x6_medium/01_03.png,1,3,newData/circle/AI simple Anti AI/Perfect/round1-circle_cropped_padded__circle-final-6x6_medium__01_03.png,newData/circle/AI simple Anti AI/Perfect/30_2880x2880_medium.png
circle,AI simple Anti AI,Perfect,medium,round1-circle_cropped_padded__circle-final-6x6_medium__01_09.png,31_2880x2880_medium.png,round1-circle_cropped_padded/circle-final-6x6_medium/01_09.png,1,9,newData/circle/AI simple Anti AI/Perfect/round1-circle_cropped_padded__circle-final-6x6_medium__01_09.png,newData/circle/AI simple Anti AI/Perfect/31_2880x2880_medium.png
circle,AI simple Anti AI,Perfect,medium,round1-circle_cropped_padded__circle-final-6x6_medium__01_17.png,32_2880x2880_medium.png,round1-circle_cropped_padded/circle-final-6x6_medium/01_17.png,1,17,newData/circle/AI simple Anti AI/Perfect/round1-circle_cropped_padded__circle-final-6x6_medium__01_17.png,newData/circle/AI simple Anti AI/Perfect/32_2880x2880_medium.png
circle,AI simple Anti AI,Perfect,medium,round1-circle_cropped_padded__circle-final-6x6_medium__01_18.png,33_2880x2880_medium.png,round1-circle_cropped_padded/circle-final-6x6_medium/01_18.png,1,18,newData/circle/AI simple Anti AI/Perfect/round1-circle_cropped_padded__circle-final-6x6_medium__01_18.png,newData/circle/AI simple Anti AI/Perfect/33_2880x2880_medium.png
circle,AI simple Anti AI,Perfect,medium,round1-circle_cropped_padded__circle-final-6x6_medium__02_02.png,34_2880x2880_medium.png,round1-circle_cropped_padded/circle-final-6x6_medium/02_02.png,2,2,newData/circle/AI simple Anti AI/Perfect/round1-circle_cropped_padded__circle-final-6x6_medium__02_02.png,newData/circle/AI simple Anti AI/Perfect/34_2880x2880_medium.png
circle,AI simple Anti AI,Perfect,medium,round1-circle_cropped_padded__circle-final-6x6_medium__02_07.png,35_2880x2880_medium.png,round1-circle_cropped_padded/circle-final-6x6_medium/02_07.png,2,7,newData/circle/AI simple Anti AI/Perfect/round1-circle_cropped_padded__circle-final-6x6_medium__02_07.png,newData/circle/AI simple Anti AI/Perfect/35_2880x2880_medium.png
circle,AI simple Anti AI,Perfect,medium,round1-circle_cropped_padded__circle-final-6x6_medium__02_13.png,36_2880x2880_medium.png,round1-circle_cropped_padded/circle-final-6x6_medium/02_13.png,2,13,newData/circle/AI simple Anti AI/Perfect/round1-circle_cropped_padded__circle-final-6x6_medium__02_13.png,newData/circle/AI simple Anti AI/Perfect/36_2880x2880_medium.png
circle,AI simple Anti AI,Perfect,medium,round1-circle_cropped_padded__circle-final-6x6_medium__02_14.png,37_2880x2880_medium.png,round1-circle_cropped_padded/circle-final-6x6_medium/02_14.png,2,14,newData/circle/AI simple Anti AI/Perfect/round1-circle_cropped_padded__circle-final-6x6_medium__02_14.png,newData/circle/AI simple Anti AI/Perfect/37_2880x2880_medium.png
circle,AI simple Anti AI,Perfect,medium,round1-circle_cropped_padded__circle-final-6x6_medium__02_19.png,38_2880x2880_medium.png,round1-circle_cropped_padded/circle-final-6x6_medium/02_19.png,2,19,newData/circle/AI simple Anti AI/Perfect/round1-circle_cropped_padded__circle-final-6x6_medium__02_19.png,newData/circle/AI simple Anti AI/Perfect/38_2880x2880_medium.png
circle,AI simple Anti AI,Perfect,medium,round1-circle_cropped_padded__circle-final-6x6_medium__02_22.png,39_2880x2880_medium.png,round1-circle_cropped_padded/circle-final-6x6_medium/02_22.png,2,22,newData/circle/AI simple Anti AI/Perfect/round1-circle_cropped_padded__circle-final-6x6_medium__02_22.png,newData/circle/AI simple Anti AI/Perfect/39_2880x2880_medium.png
circle,AI simple Anti AI,Perfect,medium,round1-circle_cropped_padded__circle-final-6x6_medium__03_01.png,40_2880x2880_medium.png,round1-circle_cropped_padded/circle-final-6x6_medium/03_01.png,3,1,newData/circle/AI simple Anti AI/Perfect/round1-circle_cropped_padded__circle-final-6x6_medium__03_01.png,newData/circle/AI simple Anti AI/Perfect/40_2880x2880_medium.png
circle,AI simple Anti AI,Perfect,medium,round1-circle_cropped_padded__circle-final-6x6_medium__03_11.png,41_2880x2880_medium.png,round1-circle_cropped_padded/circle-final-6x6_medium/03_11.png,3,11,newData/circle/AI simple Anti AI/Perfect/round1-circle_cropped_padded__circle-final-6x6_medium__03_11.png,newData/circle/AI simple Anti AI/Perfect/41_2880x2880_medium.png
circle,AI simple Anti AI,Perfect,medium,round1-circle_cropped_padded__circle-final-6x6_medium__03_18.png,42_2880x2880_medium.png,round1-circle_cropped_padded/circle-final-6x6_medium/03_18.png,3,18,newData/circle/AI simple Anti AI/Perfect/round1-circle_cropped_padded__circle-final-6x6_medium__03_18.png,newData/circle/AI simple Anti AI/Perfect/42_2880x2880_medium.png
circle,AI simple Anti AI,Perfect,medium,round1-circle_cropped_padded__circle-final-6x6_medium__03_23.png,43_2880x2880_medium.png,round1-circle_cropped_padded/circle-final-6x6_medium/03_23.png,3,23,newData/circle/AI simple Anti AI/Perfect/round1-circle_cropped_padded__circle-final-6x6_medium__03_23.png,newData/circle/AI simple Anti AI/Perfect/43_2880x2880_medium.png
circle,AI simple Anti AI,Perfect,medium,round1-circle_cropped_padded__circle-final-6x6_medium__03_33.png,44_2880x2880_medium.png,round1-circle_cropped_padded/circle-final-6x6_medium/03_33.png,3,33,newData/circle/AI simple Anti AI/Perfect/round1-circle_cropped_padded__circle-final-6x6_medium__03_33.png,newData/circle/AI simple Anti AI/Perfect/44_2880x2880_medium.png
circle,AI simple Anti AI,Perfect,medium,round1-circle_cropped_padded__circle-final-6x6_medium__04_06.png,45_2880x2880_medium.png,round1-circle_cropped_padded/circle-final-6x6_medium/04_06.png,4,6,newData/circle/AI simple Anti AI/Perfect/round1-circle_cropped_padded__circle-final-6x6_medium__04_06.png,newData/circle/AI simple Anti AI/Perfect/45_2880x2880_medium.png
circle,AI simple Anti AI,Perfect,medium,round1-circle_cropped_padded__circle-final-6x6_medium__04_11.png,46_2880x2880_medium.png,round1-circle_cropped_padded/circle-final-6x6_medium/04_11.png,4,11,newData/circle/AI simple Anti AI/Perfect/round1-circle_cropped_padded__circle-final-6x6_medium__04_11.png,newData/circle/AI simple Anti AI/Perfect/46_2880x2880_medium.png
circle,AI simple Anti AI,Perfect,medium,round1-circle_cropped_padded__circle-final-6x6_medium__04_18.png,47_2880x2880_medium.png,round1-circle_cropped_padded/circle-final-6x6_medium/04_18.png,4,18,newData/circle/AI simple Anti AI/Perfect/round1-circle_cropped_padded__circle-final-6x6_medium__04_18.png,newData/circle/AI simple Anti AI/Perfect/47_2880x2880_medium.png
circle,AI Many,Nearly Perfect,high,round1-circle_10v_cropped_padded__circle-final-6x6_high__01_10_12.png,10_12_high.png,round1-circle_10v_cropped_padded/circle-final-6x6_high/01_10_12.png,10,12,newData/circle/AI Many/Nearly Perfect/round1-circle_10v_cropped_padded__circle-final-6x6_high__01_10_12.png,newData/circle/AI Many/Nearly Perfect/10_12_high.png
circle,AI Many,Nearly Perfect,high,round1-circle_10v_cropped_padded__circle-final-6x6_high__01_10_22.png,10_22_high.png,round1-circle_10v_cropped_padded/circle-final-6x6_high/01_10_22.png,10,22,newData/circle/AI Many/Nearly Perfect/round1-circle_10v_cropped_padded__circle-final-6x6_high__01_10_22.png,newData/circle/AI Many/Nearly Perfect/10_22_high.png
circle,AI Many,Nearly Perfect,high,round1-circle_10v_cropped_padded__circle-final-6x6_high__01_10_34.png,10_34_high.png,round1-circle_10v_cropped_padded/circle-final-6x6_high/01_10_34.png,10,34,newData/circle/AI Many/Nearly Perfect/round1-circle_10v_cropped_padded__circle-final-6x6_high__01_10_34.png,newData/circle/AI Many/Nearly Perfect/10_34_high.png
circle,AI Many,Nearly Perfect,high,round1-circle_10v_cropped_padded__circle-final-6x6_high__01_1_04.png,1_04_high.png,round1-circle_10v_cropped_padded/circle-final-6x6_high/01_1_04.png,1,4,newData/circle/AI Many/Nearly Perfect/round1-circle_10v_cropped_padded__circle-final-6x6_high__01_1_04.png,newData/circle/AI Many/Nearly Perfect/1_04_high.png
circle,AI Many,Nearly Perfect,high,round1-circle_10v_cropped_padded__circle-final-6x6_high__01_1_08.png,1_08_high.png,round1-circle_10v_cropped_padded/circle-final-6x6_high/01_1_08.png,1,8,newData/circle/AI Many/Nearly Perfect/round1-circle_10v_cropped_padded__circle-final-6x6_high__01_1_08.png,newData/circle/AI Many/Nearly Perfect/1_08_high.png
circle,AI Many,Nearly Perfect,high,round1-circle_10v_cropped_padded__circle-final-6x6_high__01_1_14.png,1_14_high.png,round1-circle_10v_cropped_padded/circle-final-6x6_high/01_1_14.png,1,14,newData/circle/AI Many/Nearly Perfect/round1-circle_10v_cropped_padded__circle-final-6x6_high__01_1_14.png,newData/circle/AI Many/Nearly Perfect/1_14_high.png
circle,AI Many,Nearly Perfect,medium,round1-circle_10v_cropped_padded__circle-final-6x6_medium__01_10_05.png,10_05_medium.png,round1-circle_10v_cropped_padded/circle-final-6x6_medium/01_10_05.png,10,5,newData/circle/AI Many/Nearly Perfect/round1-circle_10v_cropped_padded__circle-final-6x6_medium__01_10_05.png,newData/circle/AI Many/Nearly Perfect/10_05_medium.png
circle,AI Many,Nearly Perfect,medium,round1-circle_10v_cropped_padded__circle-final-6x6_medium__01_10_15.png,10_15_medium.png,round1-circle_10v_cropped_padded/circle-final-6x6_medium/01_10_15.png,10,15,newData/circle/AI Many/Nearly Perfect/round1-circle_10v_cropped_padded__circle-final-6x6_medium__01_10_15.png,newData/circle/AI Many/Nearly Perfect/10_15_medium.png
circle,AI Many,Nearly Perfect,medium,round1-circle_10v_cropped_padded__circle-final-6x6_medium__01_10_17.png,10_17_medium.png,round1-circle_10v_cropped_padded/circle-final-6x6_medium/01_10_17.png,10,17,newData/circle/AI Many/Nearly Perfect/round1-circle_10v_cropped_padded__circle-final-6x6_medium__01_10_17.png,newData/circle/AI Many/Nearly Perfect/10_17_medium.png
circle,AI Many,Nearly Perfect,medium,round1-circle_10v_cropped_padded__circle-final-6x6_medium__01_10_21.png,10_21_medium.png,round1-circle_10v_cropped_padded/circle-final-6x6_medium/01_10_21.png,10,21,newData/circle/AI Many/Nearly Perfect/round1-circle_10v_cropped_padded__circle-final-6x6_medium__01_10_21.png,newData/circle/AI Many/Nearly Perfect/10_21_medium.png
circle,AI Many,Nearly Perfect,medium,round1-circle_10v_cropped_padded__circle-final-6x6_medium__01_2_17.png,2_17_medium.png,round1-circle_10v_cropped_padded/circle-final-6x6_medium/01_2_17.png,2,17,newData/circle/AI Many/Nearly Perfect/round1-circle_10v_cropped_padded__circle-final-6x6_medium__01_2_17.png,newData/circle/AI Many/Nearly Perfect/2_17_medium.png
circle,AI Many,Needs significant improvement,medium,round1-circle_10v_cropped_padded__circle-final-6x6_medium__01_10_19.png,10_19_medium.png,round1-circle_10v_cropped_padded/circle-final-6x6_medium/01_10_19.png,10,19,newData/circle/AI Many/Needs significant improvement/round1-circle_10v_cropped_padded__circle-final-6x6_medium__01_10_19.png,newData/circle/AI Many/Needs significant improvement/10_19_medium.png
circle,AI Many,Needs significant improvement,medium,round1-circle_10v_cropped_padded__circle-final-6x6_medium__01_10_31.png,10_31_medium.png,round1-circle_10v_cropped_padded/circle-final-6x6_medium/01_10_31.png,10,31,newData/circle/AI Many/Needs significant improvement/round1-circle_10v_cropped_padded__circle-final-6x6_medium__01_10_31.png,newData/circle/AI Many/Needs significant improvement/10_31_medium.png
circle,AI Many,Needs significant improvement,medium,round1-circle_10v_cropped_padded__circle-final-6x6_medium__01_1_10.png,1_10_medium.png,round1-circle_10v_cropped_padded/circle-final-6x6_medium/01_1_10.png,1,10,newData/circle/AI Many/Needs significant improvement/round1-circle_10v_cropped_padded__circle-final-6x6_medium__01_1_10.png,newData/circle/AI Many/Needs significant improvement/1_10_medium.png
circle,AI Many,Passable,high,round1-circle_10v_cropped_padded__circle-final-6x6_high__01_10_18.png,10_18_high.png,round1-circle_10v_cropped_padded/circle-final-6x6_high/01_10_18.png,10,18,newData/circle/AI Many/Passable/round1-circle_10v_cropped_padded__circle-final-6x6_high__01_10_18.png,newData/circle/AI Many/Passable/10_18_high.png
circle,AI Many,Passable,medium,round1-circle_10v_cropped_padded__circle-final-6x6_medium__01_10_07.png,10_07_medium.png,round1-circle_10v_cropped_padded/circle-final-6x6_medium/01_10_07.png,10,7,newData/circle/AI Many/Passable/round1-circle_10v_cropped_padded__circle-final-6x6_medium__01_10_07.png,newData/circle/AI Many/Passable/10_07_medium.png
circle,AI Many,Passable,medium,round1-circle_10v_cropped_padded__circle-final-6x6_medium__01_10_25.png,10_25_medium.png,round1-circle_10v_cropped_padded/circle-final-6x6_medium/01_10_25.png,10,25,newData/circle/AI Many/Passable/round1-circle_10v_cropped_padded__circle-final-6x6_medium__01_10_25.png,newData/circle/AI Many/Passable/10_25_medium.png
circle,AI Many,Perfect,high,round1-circle_10v_cropped_padded__circle-final-6x6_high__01_10_01.png,10_01_high.png,round1-circle_10v_cropped_padded/circle-final-6x6_high/01_10_01.png,10,1,newData/circle/AI Many/Perfect/round1-circle_10v_cropped_padded__circle-final-6x6_high__01_10_01.png,newData/circle/AI Many/Perfect/10_01_high.png
circle,AI Many,Perfect,high,round1-circle_10v_cropped_padded__circle-final-6x6_high__01_10_02.png,10_02_high.png,round1-circle_10v_cropped_padded/circle-final-6x6_high/01_10_02.png,10,2,newData/circle/AI Many/Perfect/round1-circle_10v_cropped_padded__circle-final-6x6_high__01_10_02.png,newData/circle/AI Many/Perfect/10_02_high.png
circle,AI Many,Perfect,high,round1-circle_10v_cropped_padded__circle-final-6x6_high__01_10_04.png,10_04_high.png,round1-circle_10v_cropped_padded/circle-final-6x6_high/01_10_04.png,10,4,newData/circle/AI Many/Perfect/round1-circle_10v_cropped_padded__circle-final-6x6_high__01_10_04.png,newData/circle/AI Many/Perfect/10_04_high.png
circle,AI Many,Perfect,high,round1-circle_10v_cropped_padded__circle-final-6x6_high__01_10_06.png,10_06_high.png,round1-circle_10v_cropped_padded/circle-final-6x6_high/01_10_06.png,10,6,newData/circle/AI Many/Perfect/round1-circle_10v_cropped_padded__circle-final-6x6_high__01_10_06.png,newData/circle/AI Many/Perfect/10_06_high.png
circle,AI Many,Perfect,high,round1-circle_10v_cropped_padded__circle-final-6x6_high__01_10_10.png,10_10_high.png,round1-circle_10v_cropped_padded/circle-final-6x6_high/01_10_10.png,10,10,newData/circle/AI Many/Perfect/round1-circle_10v_cropped_padded__circle-final-6x6_high__01_10_10.png,newData/circle/AI Many/Perfect/10_10_high.png
circle,AI Many,Perfect,high,round1-circle_10v_cropped_padded__circle-final-6x6_high__01_10_14.png,10_14_high.png,round1-circle_10v_cropped_padded/circle-final-6x6_high/01_10_14.png,10,14,newData/circle/AI Many/Perfect/round1-circle_10v_cropped_padded__circle-final-6x6_high__01_10_14.png,newData/circle/AI Many/Perfect/10_14_high.png
circle,AI Many,Perfect,high,round1-circle_10v_cropped_padded__circle-final-6x6_high__01_10_20.png,10_20_high.png,round1-circle_10v_cropped_padded/circle-final-6x6_high/01_10_20.png,10,20,newData/circle/AI Many/Perfect/round1-circle_10v_cropped_padded__circle-final-6x6_high__01_10_20.png,newData/circle/AI Many/Perfect/10_20_high.png
circle,AI Many,Perfect,high,round1-circle_10v_cropped_padded__circle-final-6x6_high__01_10_26.png,10_26_high.png,round1-circle_10v_cropped_padded/circle-final-6x6_high/01_10_26.png,10,26,newData/circle/AI Many/Perfect/round1-circle_10v_cropped_padded__circle-final-6x6_high__01_10_26.png,newData/circle/AI Many/Perfect/10_26_high.png
circle,AI Many,Perfect,high,round1-circle_10v_cropped_padded__circle-final-6x6_high__01_10_28.png,10_28_high.png,round1-circle_10v_cropped_padded/circle-final-6x6_high/01_10_28.png,10,28,newData/circle/AI Many/Perfect/round1-circle_10v_cropped_padded__circle-final-6x6_high__01_10_28.png,newData/circle/AI Many/Perfect/10_28_high.png
circle,AI Many,Perfect,high,round1-circle_10v_cropped_padded__circle-final-6x6_high__01_10_30.png,10_30_high.png,round1-circle_10v_cropped_padded/circle-final-6x6_high/01_10_30.png,10,30,newData/circle/AI Many/Perfect/round1-circle_10v_cropped_padded__circle-final-6x6_high__01_10_30.png,newData/circle/AI Many/Perfect/10_30_high.png
circle,AI Many,Perfect,high,round1-circle_10v_cropped_padded__circle-final-6x6_high__01_10_36.png,10_36_high.png,round1-circle_10v_cropped_padded/circle-final-6x6_high/01_10_36.png,10,36,newData/circle/AI Many/Perfect/round1-circle_10v_cropped_padded__circle-final-6x6_high__01_10_36.png,newData/circle/AI Many/Perfect/10_36_high.png
circle,AI Many,Perfect,high,round1-circle_10v_cropped_padded__circle-final-6x6_high__01_1_02.png,1_02_high.png,round1-circle_10v_cropped_padded/circle-final-6x6_high/01_1_02.png,1,2,newData/circle/AI Many/Perfect/round1-circle_10v_cropped_padded__circle-final-6x6_high__01_1_02.png,newData/circle/AI Many/Perfect/1_02_high.png
circle,AI Many,Perfect,high,round1-circle_10v_cropped_padded__circle-final-6x6_high__01_1_06.png,1_06_high.png,round1-circle_10v_cropped_padded/circle-final-6x6_high/01_1_06.png,1,6,newData/circle/AI Many/Perfect/round1-circle_10v_cropped_padded__circle-final-6x6_high__01_1_06.png,newData/circle/AI Many/Perfect/1_06_high.png
circle,AI Many,Perfect,high,round1-circle_10v_cropped_padded__circle-final-6x6_high__01_1_10.png,1_10_high.png,round1-circle_10v_cropped_padded/circle-final-6x6_high/01_1_10.png,1,10,newData/circle/AI Many/Perfect/round1-circle_10v_cropped_padded__circle-final-6x6_high__01_1_10.png,newData/circle/AI Many/Perfect/1_10_high.png
circle,AI Many,Perfect,high,round1-circle_10v_cropped_padded__circle-final-6x6_high__01_1_12.png,1_12_high.png,round1-circle_10v_cropped_padded/circle-final-6x6_high/01_1_12.png,1,12,newData/circle/AI Many/Perfect/round1-circle_10v_cropped_padded__circle-final-6x6_high__01_1_12.png,newData/circle/AI Many/Perfect/1_12_high.png
circle,AI Many,Perfect,high,round1-circle_10v_cropped_padded__circle-final-6x6_high__01_1_16.png,1_16_high.png,round1-circle_10v_cropped_padded/circle-final-6x6_high/01_1_16.png,1,16,newData/circle/AI Many/Perfect/round1-circle_10v_cropped_padded__circle-final-6x6_high__01_1_16.png,newData/circle/AI Many/Perfect/1_16_high.png
circle,AI Many,Perfect,high,round1-circle_10v_cropped_padded__circle-final-6x6_high__01_1_18.png,1_18_high.png,round1-circle_10v_cropped_padded/circle-final-6x6_high/01_1_18.png,1,18,newData/circle/AI Many/Perfect/round1-circle_10v_cropped_padded__circle-final-6x6_high__01_1_18.png,newData/circle/AI Many/Perfect/1_18_high.png
circle,AI Many,Perfect,medium,round1-circle_10v_cropped_padded__circle-final-6x6_medium__01_10_01.png,10_01_medium.png,round1-circle_10v_cropped_padded/circle-final-6x6_medium/01_10_01.png,10,1,newData/circle/AI Many/Perfect/round1-circle_10v_cropped_padded__circle-final-6x6_medium__01_10_01.png,newData/circle/AI Many/Perfect/10_01_medium.png
circle,AI Many,Perfect,medium,round1-circle_10v_cropped_padded__circle-final-6x6_medium__01_10_02.png,10_02_medium.png,round1-circle_10v_cropped_padded/circle-final-6x6_medium/01_10_02.png,10,2,newData/circle/AI Many/Perfect/round1-circle_10v_cropped_padded__circle-final-6x6_medium__01_10_02.png,newData/circle/AI Many/Perfect/10_02_medium.png
circle,AI Many,Perfect,medium,round1-circle_10v_cropped_padded__circle-final-6x6_medium__01_10_03.png,10_03_medium.png,round1-circle_10v_cropped_padded/circle-final-6x6_medium/01_10_03.png,10,3,newData/circle/AI Many/Perfect/round1-circle_10v_cropped_padded__circle-final-6x6_medium__01_10_03.png,newData/circle/AI Many/Perfect/10_03_medium.png
circle,AI Many,Perfect,medium,round1-circle_10v_cropped_padded__circle-final-6x6_medium__01_10_04.png,10_04_medium.png,round1-circle_10v_cropped_padded/circle-final-6x6_medium/01_10_04.png,10,4,newData/circle/AI Many/Perfect/round1-circle_10v_cropped_padded__circle-final-6x6_medium__01_10_04.png,newData/circle/AI Many/Perfect/10_04_medium.png
circle,AI Many,Perfect,medium,round1-circle_10v_cropped_padded__circle-final-6x6_medium__01_10_06.png,10_06_medium.png,round1-circle_10v_cropped_padded/circle-final-6x6_medium/01_10_06.png,10,6,newData/circle/AI Many/Perfect/round1-circle_10v_cropped_padded__circle-final-6x6_medium__01_10_06.png,newData/circle/AI Many/Perfect/10_06_medium.png
circle,AI Many,Perfect,medium,round1-circle_10v_cropped_padded__circle-final-6x6_medium__01_10_09.png,10_09_medium.png,round1-circle_10v_cropped_padded/circle-final-6x6_medium/01_10_09.png,10,9,newData/circle/AI Many/Perfect/round1-circle_10v_cropped_padded__circle-final-6x6_medium__01_10_09.png,newData/circle/AI Many/Perfect/10_09_medium.png
circle,AI Many,Perfect,medium,round1-circle_10v_cropped_padded__circle-final-6x6_medium__01_10_10.png,10_10_medium.png,round1-circle_10v_cropped_padded/circle-final-6x6_medium/01_10_10.png,10,10,newData/circle/AI Many/Perfect/round1-circle_10v_cropped_padded__circle-final-6x6_medium__01_10_10.png,newData/circle/AI Many/Perfect/10_10_medium.png
circle,AI Many,Perfect,medium,round1-circle_10v_cropped_padded__circle-final-6x6_medium__01_10_11.png,10_11_medium.png,round1-circle_10v_cropped_padded/circle-final-6x6_medium/01_10_11.png,10,11,newData/circle/AI Many/Perfect/round1-circle_10v_cropped_padded__circle-final-6x6_medium__01_10_11.png,newData/circle/AI Many/Perfect/10_11_medium.png
circle,AI Many,Perfect,medium,round1-circle_10v_cropped_padded__circle-final-6x6_medium__01_10_12.png,10_12_medium.png,round1-circle_10v_cropped_padded/circle-final-6x6_medium/01_10_12.png,10,12,newData/circle/AI Many/Perfect/round1-circle_10v_cropped_padded__circle-final-6x6_medium__01_10_12.png,newData/circle/AI Many/Perfect/10_12_medium.png
circle,AI Many,Perfect,medium,round1-circle_10v_cropped_padded__circle-final-6x6_medium__01_10_13.png,10_13_medium.png,round1-circle_10v_cropped_padded/circle-final-6x6_medium/01_10_13.png,10,13,newData/circle/AI Many/Perfect/round1-circle_10v_cropped_padded__circle-final-6x6_medium__01_10_13.png,newData/circle/AI Many/Perfect/10_13_medium.png
circle,AI Many,Perfect,medium,round1-circle_10v_cropped_padded__circle-final-6x6_medium__01_10_14.png,10_14_medium.png,round1-circle_10v_cropped_padded/circle-final-6x6_medium/01_10_14.png,10,14,newData/circle/AI Many/Perfect/round1-circle_10v_cropped_padded__circle-final-6x6_medium__01_10_14.png,newData/circle/AI Many/Perfect/10_14_medium.png
circle,AI Many,Perfect,medium,round1-circle_10v_cropped_padded__circle-final-6x6_medium__01_10_18.png,10_18_medium.png,round1-circle_10v_cropped_padded/circle-final-6x6_medium/01_10_18.png,10,18,newData/circle/AI Many/Perfect/round1-circle_10v_cropped_padded__circle-final-6x6_medium__01_10_18.png,newData/circle/AI Many/Perfect/10_18_medium.png
circle,AI Many,Perfect,medium,round1-circle_10v_cropped_padded__circle-final-6x6_medium__01_10_20.png,10_20_medium.png,round1-circle_10v_cropped_padded/circle-final-6x6_medium/01_10_20.png,10,20,newData/circle/AI Many/Perfect/round1-circle_10v_cropped_padded__circle-final-6x6_medium__01_10_20.png,newData/circle/AI Many/Perfect/10_20_medium.png
circle,AI Many,Perfect,medium,round1-circle_10v_cropped_padded__circle-final-6x6_medium__01_10_22.png,10_22_medium.png,round1-circle_10v_cropped_padded/circle-final-6x6_medium/01_10_22.png,10,22,newData/circle/AI Many/Perfect/round1-circle_10v_cropped_padded__circle-final-6x6_medium__01_10_22.png,newData/circle/AI Many/Perfect/10_22_medium.png
circle,AI Many,Perfect,medium,round1-circle_10v_cropped_padded__circle-final-6x6_medium__01_10_23.png,10_23_medium.png,round1-circle_10v_cropped_padded/circle-final-6x6_medium/01_10_23.png,10,23,newData/circle/AI Many/Perfect/round1-circle_10v_cropped_padded__circle-final-6x6_medium__01_10_23.png,newData/circle/AI Many/Perfect/10_23_medium.png
circle,AI Many,Perfect,medium,round1-circle_10v_cropped_padded__circle-final-6x6_medium__01_10_26.png,10_26_medium.png,round1-circle_10v_cropped_padded/circle-final-6x6_medium/01_10_26.png,10,26,newData/circle/AI Many/Perfect/round1-circle_10v_cropped_padded__circle-final-6x6_medium__01_10_26.png,newData/circle/AI Many/Perfect/10_26_medium.png
circle,AI Many,Perfect,medium,round1-circle_10v_cropped_padded__circle-final-6x6_medium__01_10_27.png,10_27_medium.png,round1-circle_10v_cropped_padded/circle-final-6x6_medium/01_10_27.png,10,27,newData/circle/AI Many/Perfect/round1-circle_10v_cropped_padded__circle-final-6x6_medium__01_10_27.png,newData/circle/AI Many/Perfect/10_27_medium.png
circle,AI Many,Perfect,medium,round1-circle_10v_cropped_padded__circle-final-6x6_medium__01_10_28.png,10_28_medium.png,round1-circle_10v_cropped_padded/circle-final-6x6_medium/01_10_28.png,10,28,newData/circle/AI Many/Perfect/round1-circle_10v_cropped_padded__circle-final-6x6_medium__01_10_28.png,newData/circle/AI Many/Perfect/10_28_medium.png
circle,AI Many,Perfect,medium,round1-circle_10v_cropped_padded__circle-final-6x6_medium__01_10_29.png,10_29_medium.png,round1-circle_10v_cropped_padded/circle-final-6x6_medium/01_10_29.png,10,29,newData/circle/AI Many/Perfect/round1-circle_10v_cropped_padded__circle-final-6x6_medium__01_10_29.png,newData/circle/AI Many/Perfect/10_29_medium.png
circle,AI Many,Perfect,medium,round1-circle_10v_cropped_padded__circle-final-6x6_medium__01_10_30.png,10_30_medium.png,round1-circle_10v_cropped_padded/circle-final-6x6_medium/01_10_30.png,10,30,newData/circle/AI Many/Perfect/round1-circle_10v_cropped_padded__circle-final-6x6_medium__01_10_30.png,newData/circle/AI Many/Perfect/10_30_medium.png
circle,AI Many,Perfect,medium,round1-circle_10v_cropped_padded__circle-final-6x6_medium__01_10_33.png,10_33_medium.png,round1-circle_10v_cropped_padded/circle-final-6x6_medium/01_10_33.png,10,33,newData/circle/AI Many/Perfect/round1-circle_10v_cropped_padded__circle-final-6x6_medium__01_10_33.png,newData/circle/AI Many/Perfect/10_33_medium.png
circle,AI Many,Perfect,medium,round1-circle_10v_cropped_padded__circle-final-6x6_medium__01_10_34.png,10_34_medium.png,round1-circle_10v_cropped_padded/circle-final-6x6_medium/01_10_34.png,10,34,newData/circle/AI Many/Perfect/round1-circle_10v_cropped_padded__circle-final-6x6_medium__01_10_34.png,newData/circle/AI Many/Perfect/10_34_medium.png
circle,AI Many,Perfect,medium,round1-circle_10v_cropped_padded__circle-final-6x6_medium__01_10_35.png,10_35_medium.png,round1-circle_10v_cropped_padded/circle-final-6x6_medium/01_10_35.png,10,35,newData/circle/AI Many/Perfect/round1-circle_10v_cropped_padded__circle-final-6x6_medium__01_10_35.png,newData/circle/AI Many/Perfect/10_35_medium.png
circle,AI Many,Perfect,medium,round1-circle_10v_cropped_padded__circle-final-6x6_medium__01_10_36.png,10_36_medium.png,round1-circle_10v_cropped_padded/circle-final-6x6_medium/01_10_36.png,10,36,newData/circle/AI Many/Perfect/round1-circle_10v_cropped_padded__circle-final-6x6_medium__01_10_36.png,newData/circle/AI Many/Perfect/10_36_medium.png
circle,AI Many,Perfect,medium,round1-circle_10v_cropped_padded__circle-final-6x6_medium__01_1_01.png,1_01_medium.png,round1-circle_10v_cropped_padded/circle-final-6x6_medium/01_1_01.png,1,1,newData/circle/AI Many/Perfect/round1-circle_10v_cropped_padded__circle-final-6x6_medium__01_1_01.png,newData/circle/AI Many/Perfect/1_01_medium.png
circle,AI Many,Perfect,medium,round1-circle_10v_cropped_padded__circle-final-6x6_medium__01_1_02.png,1_02_medium.png,round1-circle_10v_cropped_padded/circle-final-6x6_medium/01_1_02.png,1,2,newData/circle/AI Many/Perfect/round1-circle_10v_cropped_padded__circle-final-6x6_medium__01_1_02.png,newData/circle/AI Many/Perfect/1_02_medium.png
circle,AI Many,Perfect,medium,round1-circle_10v_cropped_padded__circle-final-6x6_medium__01_1_03.png,1_03_medium.png,round1-circle_10v_cropped_padded/circle-final-6x6_medium/01_1_03.png,1,3,newData/circle/AI Many/Perfect/round1-circle_10v_cropped_padded__circle-final-6x6_medium__01_1_03.png,newData/circle/AI Many/Perfect/1_03_medium.png
circle,AI Many,Perfect,medium,round1-circle_10v_cropped_padded__circle-final-6x6_medium__01_1_05.png,1_05_medium.png,round1-circle_10v_cropped_padded/circle-final-6x6_medium/01_1_05.png,1,5,newData/circle/AI Many/Perfect/round1-circle_10v_cropped_padded__circle-final-6x6_medium__01_1_05.png,newData/circle/AI Many/Perfect/1_05_medium.png
circle,AI Many,Perfect,medium,round1-circle_10v_cropped_padded__circle-final-6x6_medium__01_1_06.png,1_06_medium.png,round1-circle_10v_cropped_padded/circle-final-6x6_medium/01_1_06.png,1,6,newData/circle/AI Many/Perfect/round1-circle_10v_cropped_padded__circle-final-6x6_medium__01_1_06.png,newData/circle/AI Many/Perfect/1_06_medium.png
circle,AI Many,Perfect,medium,round1-circle_10v_cropped_padded__circle-final-6x6_medium__01_1_07.png,1_07_medium.png,round1-circle_10v_cropped_padded/circle-final-6x6_medium/01_1_07.png,1,7,newData/circle/AI Many/Perfect/round1-circle_10v_cropped_padded__circle-final-6x6_medium__01_1_07.png,newData/circle/AI Many/Perfect/1_07_medium.png
circle,AI Many,Perfect,medium,round1-circle_10v_cropped_padded__circle-final-6x6_medium__01_1_09.png,1_09_medium.png,round1-circle_10v_cropped_padded/circle-final-6x6_medium/01_1_09.png,1,9,newData/circle/AI Many/Perfect/round1-circle_10v_cropped_padded__circle-final-6x6_medium__01_1_09.png,newData/circle/AI Many/Perfect/1_09_medium.png
circle,AI Many,Perfect,medium,round1-circle_10v_cropped_padded__circle-final-6x6_medium__01_1_11.png,1_11_medium.png,round1-circle_10v_cropped_padded/circle-final-6x6_medium/01_1_11.png,1,11,newData/circle/AI Many/Perfect/round1-circle_10v_cropped_padded__circle-final-6x6_medium__01_1_11.png,newData/circle/AI Many/Perfect/1_11_medium.png
circle,AI Many,Perfect,medium,round1-circle_10v_cropped_padded__circle-final-6x6_medium__01_1_13.png,1_13_medium.png,round1-circle_10v_cropped_padded/circle-final-6x6_medium/01_1_13.png,1,13,newData/circle/AI Many/Perfect/round1-circle_10v_cropped_padded__circle-final-6x6_medium__01_1_13.png,newData/circle/AI Many/Perfect/1_13_medium.png
circle,AI Many,Perfect,medium,round1-circle_10v_cropped_padded__circle-final-6x6_medium__01_1_14.png,1_14_medium.png,round1-circle_10v_cropped_padded/circle-final-6x6_medium/01_1_14.png,1,14,newData/circle/AI Many/Perfect/round1-circle_10v_cropped_padded__circle-final-6x6_medium__01_1_14.png,newData/circle/AI Many/Perfect/1_14_medium.png
circle,AI Many,Perfect,medium,round1-circle_10v_cropped_padded__circle-final-6x6_medium__01_1_15.png,1_15_medium.png,round1-circle_10v_cropped_padded/circle-final-6x6_medium/01_1_15.png,1,15,newData/circle/AI Many/Perfect/round1-circle_10v_cropped_padded__circle-final-6x6_medium__01_1_15.png,newData/circle/AI Many/Perfect/1_15_medium.png
circle,AI Many,Perfect,medium,round1-circle_10v_cropped_padded__circle-final-6x6_medium__01_1_17.png,1_17_medium.png,round1-circle_10v_cropped_padded/circle-final-6x6_medium/01_1_17.png,1,17,newData/circle/AI Many/Perfect/round1-circle_10v_cropped_padded__circle-final-6x6_medium__01_1_17.png,newData/circle/AI Many/Perfect/1_17_medium.png
circle,AI Many,Perfect,medium,round1-circle_10v_cropped_padded__circle-final-6x6_medium__01_1_18.png,1_18_medium.png,round1-circle_10v_cropped_padded/circle-final-6x6_medium/01_1_18.png,1,18,newData/circle/AI Many/Perfect/round1-circle_10v_cropped_padded__circle-final-6x6_medium__01_1_18.png,newData/circle/AI Many/Perfect/1_18_medium.png
circle,AI Many,Perfect,medium,round1-circle_10v_cropped_padded__circle-final-6x6_medium__01_1_19.png,1_19_medium.png,round1-circle_10v_cropped_padded/circle-final-6x6_medium/01_1_19.png,1,19,newData/circle/AI Many/Perfect/round1-circle_10v_cropped_padded__circle-final-6x6_medium__01_1_19.png,newData/circle/AI Many/Perfect/1_19_medium.png
circle,AI Many,Perfect,medium,round1-circle_10v_cropped_padded__circle-final-6x6_medium__01_1_21.png,1_21_medium.png,round1-circle_10v_cropped_padded/circle-final-6x6_medium/01_1_21.png,1,21,newData/circle/AI Many/Perfect/round1-circle_10v_cropped_padded__circle-final-6x6_medium__01_1_21.png,newData/circle/AI Many/Perfect/1_21_medium.png
circle,AI Many,Perfect,medium,round1-circle_10v_cropped_padded__circle-final-6x6_medium__01_1_23.png,1_23_medium.png,round1-circle_10v_cropped_padded/circle-final-6x6_medium/01_1_23.png,1,23,newData/circle/AI Many/Perfect/round1-circle_10v_cropped_padded__circle-final-6x6_medium__01_1_23.png,newData/circle/AI Many/Perfect/1_23_medium.png
circle,AI Many,Perfect,medium,round1-circle_10v_cropped_padded__circle-final-6x6_medium__01_1_25.png,1_25_medium.png,round1-circle_10v_cropped_padded/circle-final-6x6_medium/01_1_25.png,1,25,newData/circle/AI Many/Perfect/round1-circle_10v_cropped_padded__circle-final-6x6_medium__01_1_25.png,newData/circle/AI Many/Perfect/1_25_medium.png
circle,AI Many,Perfect,medium,round1-circle_10v_cropped_padded__circle-final-6x6_medium__01_1_27.png,1_27_medium.png,round1-circle_10v_cropped_padded/circle-final-6x6_medium/01_1_27.png,1,27,newData/circle/AI Many/Perfect/round1-circle_10v_cropped_padded__circle-final-6x6_medium__01_1_27.png,newData/circle/AI Many/Perfect/1_27_medium.png
circle,AI Many,Perfect,medium,round1-circle_10v_cropped_padded__circle-final-6x6_medium__01_1_29.png,1_29_medium.png,round1-circle_10v_cropped_padded/circle-final-6x6_medium/01_1_29.png,1,29,newData/circle/AI Many/Perfect/round1-circle_10v_cropped_padded__circle-final-6x6_medium__01_1_29.png,newData/circle/AI Many/Perfect/1_29_medium.png
circle,AI Many,Perfect,medium,round1-circle_10v_cropped_padded__circle-final-6x6_medium__01_1_31.png,1_31_medium.png,round1-circle_10v_cropped_padded/circle-final-6x6_medium/01_1_31.png,1,31,newData/circle/AI Many/Perfect/round1-circle_10v_cropped_padded__circle-final-6x6_medium__01_1_31.png,newData/circle/AI Many/Perfect/1_31_medium.png
circle,AI Many,Perfect,medium,round1-circle_10v_cropped_padded__circle-final-6x6_medium__01_1_33.png,1_33_medium.png,round1-circle_10v_cropped_padded/circle-final-6x6_medium/01_1_33.png,1,33,newData/circle/AI Many/Perfect/round1-circle_10v_cropped_padded__circle-final-6x6_medium__01_1_33.png,newData/circle/AI Many/Perfect/1_33_medium.png
circle,AI Many,Perfect,medium,round1-circle_10v_cropped_padded__circle-final-6x6_medium__01_1_35.png,1_35_medium.png,round1-circle_10v_cropped_padded/circle-final-6x6_medium/01_1_35.png,1,35,newData/circle/AI Many/Perfect/round1-circle_10v_cropped_padded__circle-final-6x6_medium__01_1_35.png,newData/circle/AI Many/Perfect/1_35_medium.png
circle,AI Many,Perfect,medium,round1-circle_10v_cropped_padded__circle-final-6x6_medium__01_2_01.png,2_01_medium.png,round1-circle_10v_cropped_padded/circle-final-6x6_medium/01_2_01.png,2,1,newData/circle/AI Many/Perfect/round1-circle_10v_cropped_padded__circle-final-6x6_medium__01_2_01.png,newData/circle/AI Many/Perfect/2_01_medium.png
circle,AI Many,Perfect,medium,round1-circle_10v_cropped_padded__circle-final-6x6_medium__01_2_03.png,2_03_medium.png,round1-circle_10v_cropped_padded/circle-final-6x6_medium/01_2_03.png,2,3,newData/circle/AI Many/Perfect/round1-circle_10v_cropped_padded__circle-final-6x6_medium__01_2_03.png,newData/circle/AI Many/Perfect/2_03_medium.png
circle,AI Many,Perfect,medium,round1-circle_10v_cropped_padded__circle-final-6x6_medium__01_2_05.png,2_05_medium.png,round1-circle_10v_cropped_padded/circle-final-6x6_medium/01_2_05.png,2,5,newData/circle/AI Many/Perfect/round1-circle_10v_cropped_padded__circle-final-6x6_medium__01_2_05.png,newData/circle/AI Many/Perfect/2_05_medium.png
circle,AI Many,Perfect,medium,round1-circle_10v_cropped_padded__circle-final-6x6_medium__01_2_07.png,2_07_medium.png,round1-circle_10v_cropped_padded/circle-final-6x6_medium/01_2_07.png,2,7,newData/circle/AI Many/Perfect/round1-circle_10v_cropped_padded__circle-final-6x6_medium__01_2_07.png,newData/circle/AI Many/Perfect/2_07_medium.png
circle,AI Many,Perfect,medium,round1-circle_10v_cropped_padded__circle-final-6x6_medium__01_2_09.png,2_09_medium.png,round1-circle_10v_cropped_padded/circle-final-6x6_medium/01_2_09.png,2,9,newData/circle/AI Many/Perfect/round1-circle_10v_cropped_padded__circle-final-6x6_medium__01_2_09.png,newData/circle/AI Many/Perfect/2_09_medium.png
circle,AI Many,Perfect,medium,round1-circle_10v_cropped_padded__circle-final-6x6_medium__01_2_11.png,2_11_medium.png,round1-circle_10v_cropped_padded/circle-final-6x6_medium/01_2_11.png,2,11,newData/circle/AI Many/Perfect/round1-circle_10v_cropped_padded__circle-final-6x6_medium__01_2_11.png,newData/circle/AI Many/Perfect/2_11_medium.png
circle,AI Many,Perfect,medium,round1-circle_10v_cropped_padded__circle-final-6x6_medium__01_2_13.png,2_13_medium.png,round1-circle_10v_cropped_padded/circle-final-6x6_medium/01_2_13.png,2,13,newData/circle/AI Many/Perfect/round1-circle_10v_cropped_padded__circle-final-6x6_medium__01_2_13.png,newData/circle/AI Many/Perfect/2_13_medium.png
circle,AI Many,Perfect,medium,round1-circle_10v_cropped_padded__circle-final-6x6_medium__01_2_15.png,2_15_medium.png,round1-circle_10v_cropped_padded/circle-final-6x6_medium/01_2_15.png,2,15,newData/circle/AI Many/Perfect/round1-circle_10v_cropped_padded__circle-final-6x6_medium__01_2_15.png,newData/circle/AI Many/Perfect/2_15_medium.png
circle,AI Many,Perfect,medium,round1-circle_10v_cropped_padded__circle-final-6x6_medium__01_2_19.png,2_19_medium.png,round1-circle_10v_cropped_padded/circle-final-6x6_medium/01_2_19.png,2,19,newData/circle/AI Many/Perfect/round1-circle_10v_cropped_padded__circle-final-6x6_medium__01_2_19.png,newData/circle/AI Many/Perfect/2_19_medium.png
lines,AI simple Anti AI,Nearly Perfect,high,round1-lines_cropped_padded__line-final-6x6_high__01_06.png,01_2880x2880_high.png,round1-lines_cropped_padded/line-final-6x6_high/01_06.png,1,6,newData/lines/AI simple Anti AI/Nearly Perfect/round1-lines_cropped_padded__line-final-6x6_high__01_06.png,newData/lines/AI simple Anti AI/Nearly Perfect/01_2880x2880_high.png
lines,AI simple Anti AI,Nearly Perfect,high,round1-lines_cropped_padded__line-final-6x6_high__01_31.png,02_2880x2880_high.png,round1-lines_cropped_padded/line-final-6x6_high/01_31.png,1,31,newData/lines/AI simple Anti AI/Nearly Perfect/round1-lines_cropped_padded__line-final-6x6_high__01_31.png,newData/lines/AI simple Anti AI/Nearly Perfect/02_2880x2880_high.png
lines,AI simple Anti AI,Nearly Perfect,high,round1-lines_cropped_padded__line-final-6x6_high__02_15.png,03_2880x2880_high.png,round1-lines_cropped_padded/line-final-6x6_high/02_15.png,2,15,newData/lines/AI simple Anti AI/Nearly Perfect/round1-lines_cropped_padded__line-final-6x6_high__02_15.png,newData/lines/AI simple Anti AI/Nearly Perfect/03_2880x2880_high.png
lines,AI simple Anti AI,Nearly Perfect,high,round1-lines_cropped_padded__line-final-6x6_high__02_22.png,04_2880x2880_high.png,round1-lines_cropped_padded/line-final-6x6_high/02_22.png,2,22,newData/lines/AI simple Anti AI/Nearly Perfect/round1-lines_cropped_padded__line-final-6x6_high__02_22.png,newData/lines/AI simple Anti AI/Nearly Perfect/04_2880x2880_high.png
lines,AI simple Anti AI,Nearly Perfect,medium,round1-lines_cropped_padded__line-final-6x6_medium__01_06.png,05_2880x2880_medium.png,round1-lines_cropped_padded/line-final-6x6_medium/01_06.png,1,6,newData/lines/AI simple Anti AI/Nearly Perfect/round1-lines_cropped_padded__line-final-6x6_medium__01_06.png,newData/lines/AI simple Anti AI/Nearly Perfect/05_2880x2880_medium.png
lines,AI simple Anti AI,Nearly Perfect,medium,round1-lines_cropped_padded__line-final-6x6_medium__01_35.png,06_2880x2880_medium.png,round1-lines_cropped_padded/line-final-6x6_medium/01_35.png,1,35,newData/lines/AI simple Anti AI/Nearly Perfect/round1-lines_cropped_padded__line-final-6x6_medium__01_35.png,newData/lines/AI simple Anti AI/Nearly Perfect/06_2880x2880_medium.png
lines,AI simple Anti AI,Nearly Perfect,medium,round1-lines_cropped_padded__line-final-6x6_medium__02_11.png,07_2880x2880_medium.png,round1-lines_cropped_padded/line-final-6x6_medium/02_11.png,2,11,newData/lines/AI simple Anti AI/Nearly Perfect/round1-lines_cropped_padded__line-final-6x6_medium__02_11.png,newData/lines/AI simple Anti AI/Nearly Perfect/07_2880x2880_medium.png
lines,AI simple Anti AI,Nearly Perfect,medium,round1-lines_cropped_padded__line-final-6x6_medium__02_17.png,08_2880x2880_medium.png,round1-lines_cropped_padded/line-final-6x6_medium/02_17.png,2,17,newData/lines/AI simple Anti AI/Nearly Perfect/round1-lines_cropped_padded__line-final-6x6_medium__02_17.png,newData/lines/AI simple Anti AI/Nearly Perfect/08_2880x2880_medium.png
lines,AI simple Anti AI,Nearly Perfect,medium,round1-lines_cropped_padded__line-final-6x6_medium__02_21.png,09_2880x2880_medium.png,round1-lines_cropped_padded/line-final-6x6_medium/02_21.png,2,21,newData/lines/AI simple Anti AI/Nearly Perfect/round1-lines_cropped_padded__line-final-6x6_medium__02_21.png,newData/lines/AI simple Anti AI/Nearly Perfect/09_2880x2880_medium.png
lines,AI simple Anti AI,Nearly Perfect,medium,round1-lines_cropped_padded__line-final-6x6_medium__03_08.png,10_2880x2880_medium.png,round1-lines_cropped_padded/line-final-6x6_medium/03_08.png,3,8,newData/lines/AI simple Anti AI/Nearly Perfect/round1-lines_cropped_padded__line-final-6x6_medium__03_08.png,newData/lines/AI simple Anti AI/Nearly Perfect/10_2880x2880_medium.png
lines,AI simple Anti AI,Nearly Perfect,medium,round1-lines_cropped_padded__line-final-6x6_medium__03_12.png,11_2880x2880_medium.png,round1-lines_cropped_padded/line-final-6x6_medium/03_12.png,3,12,newData/lines/AI simple Anti AI/Nearly Perfect/round1-lines_cropped_padded__line-final-6x6_medium__03_12.png,newData/lines/AI simple Anti AI/Nearly Perfect/11_2880x2880_medium.png
lines,AI simple Anti AI,Not usable,high,round1-lines_cropped_padded__line-final-6x6_high__03_08.png,01_2880x2880_high.png,round1-lines_cropped_padded/line-final-6x6_high/03_08.png,3,8,newData/lines/AI simple Anti AI/Not usable/round1-lines_cropped_padded__line-final-6x6_high__03_08.png,newData/lines/AI simple Anti AI/Not usable/01_2880x2880_high.png
lines,AI simple Anti AI,Not usable,high,round1-lines_cropped_padded__line-final-6x6_high__03_34.png,02_2880x2880_high.png,round1-lines_cropped_padded/line-final-6x6_high/03_34.png,3,34,newData/lines/AI simple Anti AI/Not usable/round1-lines_cropped_padded__line-final-6x6_high__03_34.png,newData/lines/AI simple Anti AI/Not usable/02_2880x2880_high.png
lines,AI simple Anti AI,Not usable,high,round1-lines_cropped_padded__line-final-6x6_high__04_09.png,03_2880x2880_high.png,round1-lines_cropped_padded/line-final-6x6_high/04_09.png,4,9,newData/lines/AI simple Anti AI/Not usable/round1-lines_cropped_padded__line-final-6x6_high__04_09.png,newData/lines/AI simple Anti AI/Not usable/03_2880x2880_high.png
lines,AI simple Anti AI,Not usable,high,round1-lines_cropped_padded__line-final-6x6_high__04_17.png,04_2880x2880_high.png,round1-lines_cropped_padded/line-final-6x6_high/04_17.png,4,17,newData/lines/AI simple Anti AI/Not usable/round1-lines_cropped_padded__line-final-6x6_high__04_17.png,newData/lines/AI simple Anti AI/Not usable/04_2880x2880_high.png
lines,AI simple Anti AI,Not usable,high,round1-lines_cropped_padded__line-final-6x6_high__04_27.png,05_2880x2880_high.png,round1-lines_cropped_padded/line-final-6x6_high/04_27.png,4,27,newData/lines/AI simple Anti AI/Not usable/round1-lines_cropped_padded__line-final-6x6_high__04_27.png,newData/lines/AI simple Anti AI/Not usable/05_2880x2880_high.png
lines,AI simple Anti AI,Passable,high,round1-lines_cropped_padded__line-final-6x6_high__01_10.png,01_2880x2880_high.png,round1-lines_cropped_padded/line-final-6x6_high/01_10.png,1,10,newData/lines/AI simple Anti AI/Passable/round1-lines_cropped_padded__line-final-6x6_high__01_10.png,newData/lines/AI simple Anti AI/Passable/01_2880x2880_high.png
lines,AI simple Anti AI,Passable,high,round1-lines_cropped_padded__line-final-6x6_high__03_23.png,02_2880x2880_high.png,round1-lines_cropped_padded/line-final-6x6_high/03_23.png,3,23,newData/lines/AI simple Anti AI/Passable/round1-lines_cropped_padded__line-final-6x6_high__03_23.png,newData/lines/AI simple Anti AI/Passable/02_2880x2880_high.png
lines,AI simple Anti AI,Passable,high,round1-lines_cropped_padded__line-final-6x6_high__03_29.png,03_2880x2880_high.png,round1-lines_cropped_padded/line-final-6x6_high/03_29.png,3,29,newData/lines/AI simple Anti AI/Passable/round1-lines_cropped_padded__line-final-6x6_high__03_29.png,newData/lines/AI simple Anti AI/Passable/03_2880x2880_high.png
lines,AI simple Anti AI,Passable,high,round1-lines_cropped_padded__line-final-6x6_high__04_11.png,04_2880x2880_high.png,round1-lines_cropped_padded/line-final-6x6_high/04_11.png,4,11,newData/lines/AI simple Anti AI/Passable/round1-lines_cropped_padded__line-final-6x6_high__04_11.png,newData/lines/AI simple Anti AI/Passable/04_2880x2880_high.png
lines,AI simple Anti AI,Passable,medium,round1-lines_cropped_padded__line-final-6x6_medium__04_04.png,05_2880x2880_medium.png,round1-lines_cropped_padded/line-final-6x6_medium/04_04.png,4,4,newData/lines/AI simple Anti AI/Passable/round1-lines_cropped_padded__line-final-6x6_medium__04_04.png,newData/lines/AI simple Anti AI/Passable/05_2880x2880_medium.png
lines,AI simple Anti AI,Passable,medium,round1-lines_cropped_padded__line-final-6x6_medium__04_18.png,06_2880x2880_medium.png,round1-lines_cropped_padded/line-final-6x6_medium/04_18.png,4,18,newData/lines/AI simple Anti AI/Passable/round1-lines_cropped_padded__line-final-6x6_medium__04_18.png,newData/lines/AI simple Anti AI/Passable/06_2880x2880_medium.png
lines,AI simple Anti AI,Perfect,high,round1-lines_cropped_padded__line-final-6x6_high__01_01.png,01_2880x2880_high.png,round1-lines_cropped_padded/line-final-6x6_high/01_01.png,1,1,newData/lines/AI simple Anti AI/Perfect/round1-lines_cropped_padded__line-final-6x6_high__01_01.png,newData/lines/AI simple Anti AI/Perfect/01_2880x2880_high.png
lines,AI simple Anti AI,Perfect,high,round1-lines_cropped_padded__line-final-6x6_high__01_02.png,02_2880x2880_high.png,round1-lines_cropped_padded/line-final-6x6_high/01_02.png,1,2,newData/lines/AI simple Anti AI/Perfect/round1-lines_cropped_padded__line-final-6x6_high__01_02.png,newData/lines/AI simple Anti AI/Perfect/02_2880x2880_high.png
lines,AI simple Anti AI,Perfect,high,round1-lines_cropped_padded__line-final-6x6_high__01_03.png,03_2880x2880_high.png,round1-lines_cropped_padded/line-final-6x6_high/01_03.png,1,3,newData/lines/AI simple Anti AI/Perfect/round1-lines_cropped_padded__line-final-6x6_high__01_03.png,newData/lines/AI simple Anti AI/Perfect/03_2880x2880_high.png
lines,AI simple Anti AI,Perfect,high,round1-lines_cropped_padded__line-final-6x6_high__01_08.png,04_2880x2880_high.png,round1-lines_cropped_padded/line-final-6x6_high/01_08.png,1,8,newData/lines/AI simple Anti AI/Perfect/round1-lines_cropped_padded__line-final-6x6_high__01_08.png,newData/lines/AI simple Anti AI/Perfect/04_2880x2880_high.png
lines,AI simple Anti AI,Perfect,high,round1-lines_cropped_padded__line-final-6x6_high__01_12.png,05_2880x2880_high.png,round1-lines_cropped_padded/line-final-6x6_high/01_12.png,1,12,newData/lines/AI simple Anti AI/Perfect/round1-lines_cropped_padded__line-final-6x6_high__01_12.png,newData/lines/AI simple Anti AI/Perfect/05_2880x2880_high.png
lines,AI simple Anti AI,Perfect,high,round1-lines_cropped_padded__line-final-6x6_high__01_13.png,06_2880x2880_high.png,round1-lines_cropped_padded/line-final-6x6_high/01_13.png,1,13,newData/lines/AI simple Anti AI/Perfect/round1-lines_cropped_padded__line-final-6x6_high__01_13.png,newData/lines/AI simple Anti AI/Perfect/06_2880x2880_high.png
lines,AI simple Anti AI,Perfect,high,round1-lines_cropped_padded__line-final-6x6_high__02_01.png,07_2880x2880_high.png,round1-lines_cropped_padded/line-final-6x6_high/02_01.png,2,1,newData/lines/AI simple Anti AI/Perfect/round1-lines_cropped_padded__line-final-6x6_high__02_01.png,newData/lines/AI simple Anti AI/Perfect/07_2880x2880_high.png
lines,AI simple Anti AI,Perfect,high,round1-lines_cropped_padded__line-final-6x6_high__02_02.png,08_2880x2880_high.png,round1-lines_cropped_padded/line-final-6x6_high/02_02.png,2,2,newData/lines/AI simple Anti AI/Perfect/round1-lines_cropped_padded__line-final-6x6_high__02_02.png,newData/lines/AI simple Anti AI/Perfect/08_2880x2880_high.png
lines,AI simple Anti AI,Perfect,high,round1-lines_cropped_padded__line-final-6x6_high__02_12.png,09_2880x2880_high.png,round1-lines_cropped_padded/line-final-6x6_high/02_12.png,2,12,newData/lines/AI simple Anti AI/Perfect/round1-lines_cropped_padded__line-final-6x6_high__02_12.png,newData/lines/AI simple Anti AI/Perfect/09_2880x2880_high.png
lines,AI simple Anti AI,Perfect,high,round1-lines_cropped_padded__line-final-6x6_high__02_16.png,10_2880x2880_high.png,round1-lines_cropped_padded/line-final-6x6_high/02_16.png,2,16,newData/lines/AI simple Anti AI/Perfect/round1-lines_cropped_padded__line-final-6x6_high__02_16.png,newData/lines/AI simple Anti AI/Perfect/10_2880x2880_high.png
lines,AI simple Anti AI,Perfect,high,round1-lines_cropped_padded__line-final-6x6_high__02_19.png,11_2880x2880_high.png,round1-lines_cropped_padded/line-final-6x6_high/02_19.png,2,19,newData/lines/AI simple Anti AI/Perfect/round1-lines_cropped_padded__line-final-6x6_high__02_19.png,newData/lines/AI simple Anti AI/Perfect/11_2880x2880_high.png
lines,AI simple Anti AI,Perfect,high,round1-lines_cropped_padded__line-final-6x6_high__03_04.png,12_2880x2880_high.png,round1-lines_cropped_padded/line-final-6x6_high/03_04.png,3,4,newData/lines/AI simple Anti AI/Perfect/round1-lines_cropped_padded__line-final-6x6_high__03_04.png,newData/lines/AI simple Anti AI/Perfect/12_2880x2880_high.png
lines,AI simple Anti AI,Perfect,high,round1-lines_cropped_padded__line-final-6x6_high__03_05.png,13_2880x2880_high.png,round1-lines_cropped_padded/line-final-6x6_high/03_05.png,3,5,newData/lines/AI simple Anti AI/Perfect/round1-lines_cropped_padded__line-final-6x6_high__03_05.png,newData/lines/AI simple Anti AI/Perfect/13_2880x2880_high.png
lines,AI simple Anti AI,Perfect,high,round1-lines_cropped_padded__line-final-6x6_high__03_20.png,14_2880x2880_high.png,round1-lines_cropped_padded/line-final-6x6_high/03_20.png,3,20,newData/lines/AI simple Anti AI/Perfect/round1-lines_cropped_padded__line-final-6x6_high__03_20.png,newData/lines/AI simple Anti AI/Perfect/14_2880x2880_high.png
lines,AI simple Anti AI,Perfect,high,round1-lines_cropped_padded__line-final-6x6_high__04_33.png,15_2880x2880_high.png,round1-lines_cropped_padded/line-final-6x6_high/04_33.png,4,33,newData/lines/AI simple Anti AI/Perfect/round1-lines_cropped_padded__line-final-6x6_high__04_33.png,newData/lines/AI simple Anti AI/Perfect/15_2880x2880_high.png
lines,AI simple Anti AI,Perfect,medium,round1-lines_cropped_padded__line-final-6x6_medium__01_02.png,16_2880x2880_medium.png,round1-lines_cropped_padded/line-final-6x6_medium/01_02.png,1,2,newData/lines/AI simple Anti AI/Perfect/round1-lines_cropped_padded__line-final-6x6_medium__01_02.png,newData/lines/AI simple Anti AI/Perfect/16_2880x2880_medium.png
lines,AI simple Anti AI,Perfect,medium,round1-lines_cropped_padded__line-final-6x6_medium__01_03.png,17_2880x2880_medium.png,round1-lines_cropped_padded/line-final-6x6_medium/01_03.png,1,3,newData/lines/AI simple Anti AI/Perfect/round1-lines_cropped_padded__line-final-6x6_medium__01_03.png,newData/lines/AI simple Anti AI/Perfect/17_2880x2880_medium.png
lines,AI simple Anti AI,Perfect,medium,round1-lines_cropped_padded__line-final-6x6_medium__01_04.png,18_2880x2880_medium.png,round1-lines_cropped_padded/line-final-6x6_medium/01_04.png,1,4,newData/lines/AI simple Anti AI/Perfect/round1-lines_cropped_padded__line-final-6x6_medium__01_04.png,newData/lines/AI simple Anti AI/Perfect/18_2880x2880_medium.png
lines,AI simple Anti AI,Perfect,medium,round1-lines_cropped_padded__line-final-6x6_medium__01_08.png,19_2880x2880_medium.png,round1-lines_cropped_padded/line-final-6x6_medium/01_08.png,1,8,newData/lines/AI simple Anti AI/Perfect/round1-lines_cropped_padded__line-final-6x6_medium__01_08.png,newData/lines/AI simple Anti AI/Perfect/19_2880x2880_medium.png
lines,AI simple Anti AI,Perfect,medium,round1-lines_cropped_padded__line-final-6x6_medium__01_11.png,20_2880x2880_medium.png,round1-lines_cropped_padded/line-final-6x6_medium/01_11.png,1,11,newData/lines/AI simple Anti AI/Perfect/round1-lines_cropped_padded__line-final-6x6_medium__01_11.png,newData/lines/AI simple Anti AI/Perfect/20_2880x2880_medium.png
lines,AI simple Anti AI,Perfect,medium,round1-lines_cropped_padded__line-final-6x6_medium__02_19.png,21_2880x2880_medium.png,round1-lines_cropped_padded/line-final-6x6_medium/02_19.png,2,19,newData/lines/AI simple Anti AI/Perfect/round1-lines_cropped_padded__line-final-6x6_medium__02_19.png,newData/lines/AI simple Anti AI/Perfect/21_2880x2880_medium.png
lines,AI simple Anti AI,Perfect,medium,round1-lines_cropped_padded__line-final-6x6_medium__03_02.png,22_2880x2880_medium.png,round1-lines_cropped_padded/line-final-6x6_medium/03_02.png,3,2,newData/lines/AI simple Anti AI/Perfect/round1-lines_cropped_padded__line-final-6x6_medium__03_02.png,newData/lines/AI simple Anti AI/Perfect/22_2880x2880_medium.png
lines,AI simple Anti AI,Perfect,medium,round1-lines_cropped_padded__line-final-6x6_medium__03_03.png,23_2880x2880_medium.png,round1-lines_cropped_padded/line-final-6x6_medium/03_03.png,3,3,newData/lines/AI simple Anti AI/Perfect/round1-lines_cropped_padded__line-final-6x6_medium__03_03.png,newData/lines/AI simple Anti AI/Perfect/23_2880x2880_medium.png
lines,AI simple Anti AI,Perfect,medium,round1-lines_cropped_padded__line-final-6x6_medium__03_04.png,24_2880x2880_medium.png,round1-lines_cropped_padded/line-final-6x6_medium/03_04.png,3,4,newData/lines/AI simple Anti AI/Perfect/round1-lines_cropped_padded__line-final-6x6_medium__03_04.png,newData/lines/AI simple Anti AI/Perfect/24_2880x2880_medium.png
lines,AI simple Anti AI,Perfect,medium,round1-lines_cropped_padded__line-final-6x6_medium__03_07.png,25_2880x2880_medium.png,round1-lines_cropped_padded/line-final-6x6_medium/03_07.png,3,7,newData/lines/AI simple Anti AI/Perfect/round1-lines_cropped_padded__line-final-6x6_medium__03_07.png,newData/lines/AI simple Anti AI/Perfect/25_2880x2880_medium.png
lines,AI simple Anti AI,Perfect,medium,round1-lines_cropped_padded__line-final-6x6_medium__03_11.png,26_2880x2880_medium.png,round1-lines_cropped_padded/line-final-6x6_medium/03_11.png,3,11,newData/lines/AI simple Anti AI/Perfect/round1-lines_cropped_padded__line-final-6x6_medium__03_11.png,newData/lines/AI simple Anti AI/Perfect/26_2880x2880_medium.png
lines,AI simple Anti AI,Perfect,medium,round1-lines_cropped_padded__line-final-6x6_medium__03_28.png,27_2880x2880_medium.png,round1-lines_cropped_padded/line-final-6x6_medium/03_28.png,3,28,newData/lines/AI simple Anti AI/Perfect/round1-lines_cropped_padded__line-final-6x6_medium__03_28.png,newData/lines/AI simple Anti AI/Perfect/27_2880x2880_medium.png
lines,AI simple Anti AI,Perfect,medium,round1-lines_cropped_padded__line-final-6x6_medium__04_02.png,28_2880x2880_medium.png,round1-lines_cropped_padded/line-final-6x6_medium/04_02.png,4,2,newData/lines/AI simple Anti AI/Perfect/round1-lines_cropped_padded__line-final-6x6_medium__04_02.png,newData/lines/AI simple Anti AI/Perfect/28_2880x2880_medium.png
lines,AI simple Anti AI,Perfect,medium,round1-lines_cropped_padded__line-final-6x6_medium__04_03.png,29_2880x2880_medium.png,round1-lines_cropped_padded/line-final-6x6_medium/04_03.png,4,3,newData/lines/AI simple Anti AI/Perfect/round1-lines_cropped_padded__line-final-6x6_medium__04_03.png,newData/lines/AI simple Anti AI/Perfect/29_2880x2880_medium.png
lines,AI simple Anti AI,Perfect,medium,round1-lines_cropped_padded__line-final-6x6_medium__04_05.png,30_2880x2880_medium.png,round1-lines_cropped_padded/line-final-6x6_medium/04_05.png,4,5,newData/lines/AI simple Anti AI/Perfect/round1-lines_cropped_padded__line-final-6x6_medium__04_05.png,newData/lines/AI simple Anti AI/Perfect/30_2880x2880_medium.png
lines,AI simple Anti AI,Perfect,medium,round1-lines_cropped_padded__line-final-6x6_medium__04_06.png,31_2880x2880_medium.png,round1-lines_cropped_padded/line-final-6x6_medium/04_06.png,4,6,newData/lines/AI simple Anti AI/Perfect/round1-lines_cropped_padded__line-final-6x6_medium__04_06.png,newData/lines/AI simple Anti AI/Perfect/31_2880x2880_medium.png
lines,AI simple Anti AI,Perfect,medium,round1-lines_cropped_padded__line-final-6x6_medium__04_15.png,32_2880x2880_medium.png,round1-lines_cropped_padded/line-final-6x6_medium/04_15.png,4,15,newData/lines/AI simple Anti AI/Perfect/round1-lines_cropped_padded__line-final-6x6_medium__04_15.png,newData/lines/AI simple Anti AI/Perfect/32_2880x2880_medium.png
lines,AI simple Anti AI,Perfect,medium,round1-lines_cropped_padded__line-final-6x6_medium__04_34.png,33_2880x2880_medium.png,round1-lines_cropped_padded/line-final-6x6_medium/04_34.png,4,34,newData/lines/AI simple Anti AI/Perfect/round1-lines_cropped_padded__line-final-6x6_medium__04_34.png,newData/lines/AI simple Anti AI/Perfect/33_2880x2880_medium.png
lines,AI Many,Nearly Perfect,high,round1-lines_10v_cropped_padded__line-final-6x6_high__01_10_08.png,10_08_high.png,round1-lines_10v_cropped_padded/line-final-6x6_high/01_10_08.png,10,8,newData/lines/AI Many/Nearly Perfect/round1-lines_10v_cropped_padded__line-final-6x6_high__01_10_08.png,newData/lines/AI Many/Nearly Perfect/10_08_high.png
lines,AI Many,Nearly Perfect,high,round1-lines_10v_cropped_padded__line-final-6x6_high__01_10_11.png,10_11_high.png,round1-lines_10v_cropped_padded/line-final-6x6_high/01_10_11.png,10,11,newData/lines/AI Many/Nearly Perfect/round1-lines_10v_cropped_padded__line-final-6x6_high__01_10_11.png,newData/lines/AI Many/Nearly Perfect/10_11_high.png
lines,AI Many,Nearly Perfect,high,round1-lines_10v_cropped_padded__line-final-6x6_high__01_10_12.png,10_12_high.png,round1-lines_10v_cropped_padded/line-final-6x6_high/01_10_12.png,10,12,newData/lines/AI Many/Nearly Perfect/round1-lines_10v_cropped_padded__line-final-6x6_high__01_10_12.png,newData/lines/AI Many/Nearly Perfect/10_12_high.png
lines,AI Many,Nearly Perfect,high,round1-lines_10v_cropped_padded__line-final-6x6_high__01_10_17.png,10_17_high.png,round1-lines_10v_cropped_padded/line-final-6x6_high/01_10_17.png,10,17,newData/lines/AI Many/Nearly Perfect/round1-lines_10v_cropped_padded__line-final-6x6_high__01_10_17.png,newData/lines/AI Many/Nearly Perfect/10_17_high.png
lines,AI Many,Nearly Perfect,high,round1-lines_10v_cropped_padded__line-final-6x6_high__01_10_22.png,10_22_high.png,round1-lines_10v_cropped_padded/line-final-6x6_high/01_10_22.png,10,22,newData/lines/AI Many/Nearly Perfect/round1-lines_10v_cropped_padded__line-final-6x6_high__01_10_22.png,newData/lines/AI Many/Nearly Perfect/10_22_high.png
lines,AI Many,Nearly Perfect,high,round1-lines_10v_cropped_padded__line-final-6x6_high__01_10_28.png,10_28_high.png,round1-lines_10v_cropped_padded/line-final-6x6_high/01_10_28.png,10,28,newData/lines/AI Many/Nearly Perfect/round1-lines_10v_cropped_padded__line-final-6x6_high__01_10_28.png,newData/lines/AI Many/Nearly Perfect/10_28_high.png
lines,AI Many,Nearly Perfect,high,round1-lines_10v_cropped_padded__line-final-6x6_high__01_1_01.png,1_01_high.png,round1-lines_10v_cropped_padded/line-final-6x6_high/01_1_01.png,1,1,newData/lines/AI Many/Nearly Perfect/round1-lines_10v_cropped_padded__line-final-6x6_high__01_1_01.png,newData/lines/AI Many/Nearly Perfect/1_01_high.png
lines,AI Many,Nearly Perfect,high,round1-lines_10v_cropped_padded__line-final-6x6_high__01_1_05.png,1_05_high.png,round1-lines_10v_cropped_padded/line-final-6x6_high/01_1_05.png,1,5,newData/lines/AI Many/Nearly Perfect/round1-lines_10v_cropped_padded__line-final-6x6_high__01_1_05.png,newData/lines/AI Many/Nearly Perfect/1_05_high.png
lines,AI Many,Nearly Perfect,high,round1-lines_10v_cropped_padded__line-final-6x6_high__01_1_06.png,1_06_high.png,round1-lines_10v_cropped_padded/line-final-6x6_high/01_1_06.png,1,6,newData/lines/AI Many/Nearly Perfect/round1-lines_10v_cropped_padded__line-final-6x6_high__01_1_06.png,newData/lines/AI Many/Nearly Perfect/1_06_high.png
lines,AI Many,Nearly Perfect,high,round1-lines_10v_cropped_padded__line-final-6x6_high__01_1_15.png,1_15_high.png,round1-lines_10v_cropped_padded/line-final-6x6_high/01_1_15.png,1,15,newData/lines/AI Many/Nearly Perfect/round1-lines_10v_cropped_padded__line-final-6x6_high__01_1_15.png,newData/lines/AI Many/Nearly Perfect/1_15_high.png
lines,AI Many,Nearly Perfect,high,round1-lines_10v_cropped_padded__line-final-6x6_high__01_1_17.png,1_17_high.png,round1-lines_10v_cropped_padded/line-final-6x6_high/01_1_17.png,1,17,newData/lines/AI Many/Nearly Perfect/round1-lines_10v_cropped_padded__line-final-6x6_high__01_1_17.png,newData/lines/AI Many/Nearly Perfect/1_17_high.png
lines,AI Many,Nearly Perfect,high,round1-lines_10v_cropped_padded__line-final-6x6_high__01_1_29.png,1_29_high.png,round1-lines_10v_cropped_padded/line-final-6x6_high/01_1_29.png,1,29,newData/lines/AI Many/Nearly Perfect/round1-lines_10v_cropped_padded__line-final-6x6_high__01_1_29.png,newData/lines/AI Many/Nearly Perfect/1_29_high.png
lines,AI Many,Nearly Perfect,high,round1-lines_10v_cropped_padded__line-final-6x6_high__01_1_34.png,1_34_high.png,round1-lines_10v_cropped_padded/line-final-6x6_high/01_1_34.png,1,34,newData/lines/AI Many/Nearly Perfect/round1-lines_10v_cropped_padded__line-final-6x6_high__01_1_34.png,newData/lines/AI Many/Nearly Perfect/1_34_high.png
lines,AI Many,Nearly Perfect,high,round1-lines_10v_cropped_padded__line-final-6x6_high__01_1_35.png,1_35_high.png,round1-lines_10v_cropped_padded/line-final-6x6_high/01_1_35.png,1,35,newData/lines/AI Many/Nearly Perfect/round1-lines_10v_cropped_padded__line-final-6x6_high__01_1_35.png,newData/lines/AI Many/Nearly Perfect/1_35_high.png
lines,AI Many,Nearly Perfect,medium,round1-lines_10v_cropped_padded__line-final-6x6_medium__01_10_07.png,10_07_medium.png,round1-lines_10v_cropped_padded/line-final-6x6_medium/01_10_07.png,10,7,newData/lines/AI Many/Nearly Perfect/round1-lines_10v_cropped_padded__line-final-6x6_medium__01_10_07.png,newData/lines/AI Many/Nearly Perfect/10_07_medium.png
lines,AI Many,Nearly Perfect,medium,round1-lines_10v_cropped_padded__line-final-6x6_medium__01_10_09.png,10_09_medium.png,round1-lines_10v_cropped_padded/line-final-6x6_medium/01_10_09.png,10,9,newData/lines/AI Many/Nearly Perfect/round1-lines_10v_cropped_padded__line-final-6x6_medium__01_10_09.png,newData/lines/AI Many/Nearly Perfect/10_09_medium.png
lines,AI Many,Nearly Perfect,medium,round1-lines_10v_cropped_padded__line-final-6x6_medium__01_10_10.png,10_10_medium.png,round1-lines_10v_cropped_padded/line-final-6x6_medium/01_10_10.png,10,10,newData/lines/AI Many/Nearly Perfect/round1-lines_10v_cropped_padded__line-final-6x6_medium__01_10_10.png,newData/lines/AI Many/Nearly Perfect/10_10_medium.png
lines,AI Many,Nearly Perfect,medium,round1-lines_10v_cropped_padded__line-final-6x6_medium__01_10_21.png,10_21_medium.png,round1-lines_10v_cropped_padded/line-final-6x6_medium/01_10_21.png,10,21,newData/lines/AI Many/Nearly Perfect/round1-lines_10v_cropped_padded__line-final-6x6_medium__01_10_21.png,newData/lines/AI Many/Nearly Perfect/10_21_medium.png
lines,AI Many,Nearly Perfect,medium,round1-lines_10v_cropped_padded__line-final-6x6_medium__01_2_14.png,2_14_medium.png,round1-lines_10v_cropped_padded/line-final-6x6_medium/01_2_14.png,2,14,newData/lines/AI Many/Nearly Perfect/round1-lines_10v_cropped_padded__line-final-6x6_medium__01_2_14.png,newData/lines/AI Many/Nearly Perfect/2_14_medium.png
lines,AI Many,Nearly Perfect,medium,round1-lines_10v_cropped_padded__line-final-6x6_medium__01_2_16.png,2_16_medium.png,round1-lines_10v_cropped_padded/line-final-6x6_medium/01_2_16.png,2,16,newData/lines/AI Many/Nearly Perfect/round1-lines_10v_cropped_padded__line-final-6x6_medium__01_2_16.png,newData/lines/AI Many/Nearly Perfect/2_16_medium.png
lines,AI Many,Needs significant improvement,high,round1-lines_10v_cropped_padded__line-final-6x6_high__01_10_06.png,10_06_high.png,round1-lines_10v_cropped_padded/line-final-6x6_high/01_10_06.png,10,6,newData/lines/AI Many/Needs significant improvement/round1-lines_10v_cropped_padded__line-final-6x6_high__01_10_06.png,newData/lines/AI Many/Needs significant improvement/10_06_high.png
lines,AI Many,Needs significant improvement,high,round1-lines_10v_cropped_padded__line-final-6x6_high__01_10_09.png,10_09_high.png,round1-lines_10v_cropped_padded/line-final-6x6_high/01_10_09.png,10,9,newData/lines/AI Many/Needs significant improvement/round1-lines_10v_cropped_padded__line-final-6x6_high__01_10_09.png,newData/lines/AI Many/Needs significant improvement/10_09_high.png
lines,AI Many,Needs significant improvement,high,round1-lines_10v_cropped_padded__line-final-6x6_high__01_10_31.png,10_31_high.png,round1-lines_10v_cropped_padded/line-final-6x6_high/01_10_31.png,10,31,newData/lines/AI Many/Needs significant improvement/round1-lines_10v_cropped_padded__line-final-6x6_high__01_10_31.png,newData/lines/AI Many/Needs significant improvement/10_31_high.png
lines,AI Many,Needs significant improvement,high,round1-lines_10v_cropped_padded__line-final-6x6_high__01_10_35.png,10_35_high.png,round1-lines_10v_cropped_padded/line-final-6x6_high/01_10_35.png,10,35,newData/lines/AI Many/Needs significant improvement/round1-lines_10v_cropped_padded__line-final-6x6_high__01_10_35.png,newData/lines/AI Many/Needs significant improvement/10_35_high.png
lines,AI Many,Needs significant improvement,high,round1-lines_10v_cropped_padded__line-final-6x6_high__01_1_26.png,1_26_high.png,round1-lines_10v_cropped_padded/line-final-6x6_high/01_1_26.png,1,26,newData/lines/AI Many/Needs significant improvement/round1-lines_10v_cropped_padded__line-final-6x6_high__01_1_26.png,newData/lines/AI Many/Needs significant improvement/1_26_high.png
lines,AI Many,Needs significant improvement,high,round1-lines_10v_cropped_padded__line-final-6x6_high__01_1_28.png,1_28_high.png,round1-lines_10v_cropped_padded/line-final-6x6_high/01_1_28.png,1,28,newData/lines/AI Many/Needs significant improvement/round1-lines_10v_cropped_padded__line-final-6x6_high__01_1_28.png,newData/lines/AI Many/Needs significant improvement/1_28_high.png
lines,AI Many,Needs significant improvement,high,round1-lines_10v_cropped_padded__line-final-6x6_high__01_2_05.png,2_05_high.png,round1-lines_10v_cropped_padded/line-final-6x6_high/01_2_05.png,2,5,newData/lines/AI Many/Needs significant improvement/round1-lines_10v_cropped_padded__line-final-6x6_high__01_2_05.png,newData/lines/AI Many/Needs significant improvement/2_05_high.png
lines,AI Many,Needs significant improvement,high,round1-lines_10v_cropped_padded__line-final-6x6_high__01_2_15.png,2_15_high.png,round1-lines_10v_cropped_padded/line-final-6x6_high/01_2_15.png,2,15,newData/lines/AI Many/Needs significant improvement/round1-lines_10v_cropped_padded__line-final-6x6_high__01_2_15.png,newData/lines/AI Many/Needs significant improvement/2_15_high.png
lines,AI Many,Needs significant improvement,high,round1-lines_10v_cropped_padded__line-final-6x6_high__01_2_22.png,2_22_high.png,round1-lines_10v_cropped_padded/line-final-6x6_high/01_2_22.png,2,22,newData/lines/AI Many/Needs significant improvement/round1-lines_10v_cropped_padded__line-final-6x6_high__01_2_22.png,newData/lines/AI Many/Needs significant improvement/2_22_high.png
lines,AI Many,Needs significant improvement,high,round1-lines_10v_cropped_padded__line-final-6x6_high__01_2_24.png,2_24_high.png,round1-lines_10v_cropped_padded/line-final-6x6_high/01_2_24.png,2,24,newData/lines/AI Many/Needs significant improvement/round1-lines_10v_cropped_padded__line-final-6x6_high__01_2_24.png,newData/lines/AI Many/Needs significant improvement/2_24_high.png
lines,AI Many,Needs significant improvement,medium,round1-lines_10v_cropped_padded__line-final-6x6_medium__01_10_08.png,10_08_medium.png,round1-lines_10v_cropped_padded/line-final-6x6_medium/01_10_08.png,10,8,newData/lines/AI Many/Needs significant improvement/round1-lines_10v_cropped_padded__line-final-6x6_medium__01_10_08.png,newData/lines/AI Many/Needs significant improvement/10_08_medium.png
lines,AI Many,Needs significant improvement,medium,round1-lines_10v_cropped_padded__line-final-6x6_medium__01_10_16.png,10_16_medium.png,round1-lines_10v_cropped_padded/line-final-6x6_medium/01_10_16.png,10,16,newData/lines/AI Many/Needs significant improvement/round1-lines_10v_cropped_padded__line-final-6x6_medium__01_10_16.png,newData/lines/AI Many/Needs significant improvement/10_16_medium.png
lines,AI Many,Needs significant improvement,medium,round1-lines_10v_cropped_padded__line-final-6x6_medium__01_10_26.png,10_26_medium.png,round1-lines_10v_cropped_padded/line-final-6x6_medium/01_10_26.png,10,26,newData/lines/AI Many/Needs significant improvement/round1-lines_10v_cropped_padded__line-final-6x6_medium__01_10_26.png,newData/lines/AI Many/Needs significant improvement/10_26_medium.png
lines,AI Many,Needs significant improvement,medium,round1-lines_10v_cropped_padded__line-final-6x6_medium__01_2_13.png,2_13_medium.png,round1-lines_10v_cropped_padded/line-final-6x6_medium/01_2_13.png,2,13,newData/lines/AI Many/Needs significant improvement/round1-lines_10v_cropped_padded__line-final-6x6_medium__01_2_13.png,newData/lines/AI Many/Needs significant improvement/2_13_medium.png
lines,AI Many,Needs significant improvement,medium,round1-lines_10v_cropped_padded__line-final-6x6_medium__01_2_20.png,2_20_medium.png,round1-lines_10v_cropped_padded/line-final-6x6_medium/01_2_20.png,2,20,newData/lines/AI Many/Needs significant improvement/round1-lines_10v_cropped_padded__line-final-6x6_medium__01_2_20.png,newData/lines/AI Many/Needs significant improvement/2_20_medium.png
lines,AI Many,Needs significant improvement,medium,round1-lines_10v_cropped_padded__line-final-6x6_medium__01_2_22.png,2_22_medium.png,round1-lines_10v_cropped_padded/line-final-6x6_medium/01_2_22.png,2,22,newData/lines/AI Many/Needs significant improvement/round1-lines_10v_cropped_padded__line-final-6x6_medium__01_2_22.png,newData/lines/AI Many/Needs significant improvement/2_22_medium.png
lines,AI Many,Not usable,high,round1-lines_10v_cropped_padded__line-final-6x6_high__01_10_05.png,10_05_high.png,round1-lines_10v_cropped_padded/line-final-6x6_high/01_10_05.png,10,5,newData/lines/AI Many/Not usable/round1-lines_10v_cropped_padded__line-final-6x6_high__01_10_05.png,newData/lines/AI Many/Not usable/10_05_high.png
lines,AI Many,Not usable,high,round1-lines_10v_cropped_padded__line-final-6x6_high__01_10_14.png,10_14_high.png,round1-lines_10v_cropped_padded/line-final-6x6_high/01_10_14.png,10,14,newData/lines/AI Many/Not usable/round1-lines_10v_cropped_padded__line-final-6x6_high__01_10_14.png,newData/lines/AI Many/Not usable/10_14_high.png
lines,AI Many,Not usable,high,round1-lines_10v_cropped_padded__line-final-6x6_high__01_10_30.png,10_30_high.png,round1-lines_10v_cropped_padded/line-final-6x6_high/01_10_30.png,10,30,newData/lines/AI Many/Not usable/round1-lines_10v_cropped_padded__line-final-6x6_high__01_10_30.png,newData/lines/AI Many/Not usable/10_30_high.png
lines,AI Many,Not usable,high,round1-lines_10v_cropped_padded__line-final-6x6_high__01_10_33.png,10_33_high.png,round1-lines_10v_cropped_padded/line-final-6x6_high/01_10_33.png,10,33,newData/lines/AI Many/Not usable/round1-lines_10v_cropped_padded__line-final-6x6_high__01_10_33.png,newData/lines/AI Many/Not usable/10_33_high.png
lines,AI Many,Not usable,high,round1-lines_10v_cropped_padded__line-final-6x6_high__01_1_18.png,1_18_high.png,round1-lines_10v_cropped_padded/line-final-6x6_high/01_1_18.png,1,18,newData/lines/AI Many/Not usable/round1-lines_10v_cropped_padded__line-final-6x6_high__01_1_18.png,newData/lines/AI Many/Not usable/1_18_high.png
lines,AI Many,Not usable,high,round1-lines_10v_cropped_padded__line-final-6x6_high__01_1_21.png,1_21_high.png,round1-lines_10v_cropped_padded/line-final-6x6_high/01_1_21.png,1,21,newData/lines/AI Many/Not usable/round1-lines_10v_cropped_padded__line-final-6x6_high__01_1_21.png,newData/lines/AI Many/Not usable/1_21_high.png
lines,AI Many,Not usable,high,round1-lines_10v_cropped_padded__line-final-6x6_high__01_2_26.png,2_26_high.png,round1-lines_10v_cropped_padded/line-final-6x6_high/01_2_26.png,2,26,newData/lines/AI Many/Not usable/round1-lines_10v_cropped_padded__line-final-6x6_high__01_2_26.png,newData/lines/AI Many/Not usable/2_26_high.png
lines,AI Many,Not usable,medium,round1-lines_10v_cropped_padded__line-final-6x6_medium__01_10_06.png,10_06_medium.png,round1-lines_10v_cropped_padded/line-final-6x6_medium/01_10_06.png,10,6,newData/lines/AI Many/Not usable/round1-lines_10v_cropped_padded__line-final-6x6_medium__01_10_06.png,newData/lines/AI Many/Not usable/10_06_medium.png
lines,AI Many,Not usable,medium,round1-lines_10v_cropped_padded__line-final-6x6_medium__01_10_19.png,10_19_medium.png,round1-lines_10v_cropped_padded/line-final-6x6_medium/01_10_19.png,10,19,newData/lines/AI Many/Not usable/round1-lines_10v_cropped_padded__line-final-6x6_medium__01_10_19.png,newData/lines/AI Many/Not usable/10_19_medium.png
lines,AI Many,Not usable,medium,round1-lines_10v_cropped_padded__line-final-6x6_medium__01_10_22.png,10_22_medium.png,round1-lines_10v_cropped_padded/line-final-6x6_medium/01_10_22.png,10,22,newData/lines/AI Many/Not usable/round1-lines_10v_cropped_padded__line-final-6x6_medium__01_10_22.png,newData/lines/AI Many/Not usable/10_22_medium.png
lines,AI Many,Not usable,medium,round1-lines_10v_cropped_padded__line-final-6x6_medium__01_10_23.png,10_23_medium.png,round1-lines_10v_cropped_padded/line-final-6x6_medium/01_10_23.png,10,23,newData/lines/AI Many/Not usable/round1-lines_10v_cropped_padded__line-final-6x6_medium__01_10_23.png,newData/lines/AI Many/Not usable/10_23_medium.png
lines,AI Many,Not usable,medium,round1-lines_10v_cropped_padded__line-final-6x6_medium__01_10_24.png,10_24_medium.png,round1-lines_10v_cropped_padded/line-final-6x6_medium/01_10_24.png,10,24,newData/lines/AI Many/Not usable/round1-lines_10v_cropped_padded__line-final-6x6_medium__01_10_24.png,newData/lines/AI Many/Not usable/10_24_medium.png
lines,AI Many,Not usable,medium,round1-lines_10v_cropped_padded__line-final-6x6_medium__01_10_25.png,10_25_medium.png,round1-lines_10v_cropped_padded/line-final-6x6_medium/01_10_25.png,10,25,newData/lines/AI Many/Not usable/round1-lines_10v_cropped_padded__line-final-6x6_medium__01_10_25.png,newData/lines/AI Many/Not usable/10_25_medium.png
lines,AI Many,Not usable,medium,round1-lines_10v_cropped_padded__line-final-6x6_medium__01_10_30.png,10_30_medium.png,round1-lines_10v_cropped_padded/line-final-6x6_medium/01_10_30.png,10,30,newData/lines/AI Many/Not usable/round1-lines_10v_cropped_padded__line-final-6x6_medium__01_10_30.png,newData/lines/AI Many/Not usable/10_30_medium.png
lines,AI Many,Not usable,medium,round1-lines_10v_cropped_padded__line-final-6x6_medium__01_10_36.png,10_36_medium.png,round1-lines_10v_cropped_padded/line-final-6x6_medium/01_10_36.png,10,36,newData/lines/AI Many/Not usable/round1-lines_10v_cropped_padded__line-final-6x6_medium__01_10_36.png,newData/lines/AI Many/Not usable/10_36_medium.png
lines,AI Many,Not usable,medium,round1-lines_10v_cropped_padded__line-final-6x6_medium__01_1_19.png,1_19_medium.png,round1-lines_10v_cropped_padded/line-final-6x6_medium/01_1_19.png,1,19,newData/lines/AI Many/Not usable/round1-lines_10v_cropped_padded__line-final-6x6_medium__01_1_19.png,newData/lines/AI Many/Not usable/1_19_medium.png
lines,AI Many,Not usable,medium,round1-lines_10v_cropped_padded__line-final-6x6_medium__01_1_20.png,1_20_medium.png,round1-lines_10v_cropped_padded/line-final-6x6_medium/01_1_20.png,1,20,newData/lines/AI Many/Not usable/round1-lines_10v_cropped_padded__line-final-6x6_medium__01_1_20.png,newData/lines/AI Many/Not usable/1_20_medium.png
lines,AI Many,Not usable,medium,round1-lines_10v_cropped_padded__line-final-6x6_medium__01_1_24.png,1_24_medium.png,round1-lines_10v_cropped_padded/line-final-6x6_medium/01_1_24.png,1,24,newData/lines/AI Many/Not usable/round1-lines_10v_cropped_padded__line-final-6x6_medium__01_1_24.png,newData/lines/AI Many/Not usable/1_24_medium.png
lines,AI Many,Not usable,medium,round1-lines_10v_cropped_padded__line-final-6x6_medium__01_1_31.png,1_31_medium.png,round1-lines_10v_cropped_padded/line-final-6x6_medium/01_1_31.png,1,31,newData/lines/AI Many/Not usable/round1-lines_10v_cropped_padded__line-final-6x6_medium__01_1_31.png,newData/lines/AI Many/Not usable/1_31_medium.png
lines,AI Many,Not usable,medium,round1-lines_10v_cropped_padded__line-final-6x6_medium__01_2_10.png,2_10_medium.png,round1-lines_10v_cropped_padded/line-final-6x6_medium/01_2_10.png,2,10,newData/lines/AI Many/Not usable/round1-lines_10v_cropped_padded__line-final-6x6_medium__01_2_10.png,newData/lines/AI Many/Not usable/2_10_medium.png
lines,AI Many,Not usable,medium,round1-lines_10v_cropped_padded__line-final-6x6_medium__01_2_27.png,2_27_medium.png,round1-lines_10v_cropped_padded/line-final-6x6_medium/01_2_27.png,2,27,newData/lines/AI Many/Not usable/round1-lines_10v_cropped_padded__line-final-6x6_medium__01_2_27.png,newData/lines/AI Many/Not usable/2_27_medium.png
lines,AI Many,Passable,high,round1-lines_10v_cropped_padded__line-final-6x6_high__01_10_02.png,10_02_high.png,round1-lines_10v_cropped_padded/line-final-6x6_high/01_10_02.png,10,2,newData/lines/AI Many/Passable/round1-lines_10v_cropped_padded__line-final-6x6_high__01_10_02.png,newData/lines/AI Many/Passable/10_02_high.png
lines,AI Many,Passable,high,round1-lines_10v_cropped_padded__line-final-6x6_high__01_10_07.png,10_07_high.png,round1-lines_10v_cropped_padded/line-final-6x6_high/01_10_07.png,10,7,newData/lines/AI Many/Passable/round1-lines_10v_cropped_padded__line-final-6x6_high__01_10_07.png,newData/lines/AI Many/Passable/10_07_high.png
lines,AI Many,Passable,high,round1-lines_10v_cropped_padded__line-final-6x6_high__01_10_10.png,10_10_high.png,round1-lines_10v_cropped_padded/line-final-6x6_high/01_10_10.png,10,10,newData/lines/AI Many/Passable/round1-lines_10v_cropped_padded__line-final-6x6_high__01_10_10.png,newData/lines/AI Many/Passable/10_10_high.png
lines,AI Many,Passable,high,round1-lines_10v_cropped_padded__line-final-6x6_high__01_10_16.png,10_16_high.png,round1-lines_10v_cropped_padded/line-final-6x6_high/01_10_16.png,10,16,newData/lines/AI Many/Passable/round1-lines_10v_cropped_padded__line-final-6x6_high__01_10_16.png,newData/lines/AI Many/Passable/10_16_high.png
lines,AI Many,Passable,high,round1-lines_10v_cropped_padded__line-final-6x6_high__01_10_20.png,10_20_high.png,round1-lines_10v_cropped_padded/line-final-6x6_high/01_10_20.png,10,20,newData/lines/AI Many/Passable/round1-lines_10v_cropped_padded__line-final-6x6_high__01_10_20.png,newData/lines/AI Many/Passable/10_20_high.png
lines,AI Many,Passable,high,round1-lines_10v_cropped_padded__line-final-6x6_high__01_10_23.png,10_23_high.png,round1-lines_10v_cropped_padded/line-final-6x6_high/01_10_23.png,10,23,newData/lines/AI Many/Passable/round1-lines_10v_cropped_padded__line-final-6x6_high__01_10_23.png,newData/lines/AI Many/Passable/10_23_high.png
lines,AI Many,Passable,high,round1-lines_10v_cropped_padded__line-final-6x6_high__01_10_24.png,10_24_high.png,round1-lines_10v_cropped_padded/line-final-6x6_high/01_10_24.png,10,24,newData/lines/AI Many/Passable/round1-lines_10v_cropped_padded__line-final-6x6_high__01_10_24.png,newData/lines/AI Many/Passable/10_24_high.png
lines,AI Many,Passable,high,round1-lines_10v_cropped_padded__line-final-6x6_high__01_10_27.png,10_27_high.png,round1-lines_10v_cropped_padded/line-final-6x6_high/01_10_27.png,10,27,newData/lines/AI Many/Passable/round1-lines_10v_cropped_padded__line-final-6x6_high__01_10_27.png,newData/lines/AI Many/Passable/10_27_high.png
lines,AI Many,Passable,high,round1-lines_10v_cropped_padded__line-final-6x6_high__01_10_29.png,10_29_high.png,round1-lines_10v_cropped_padded/line-final-6x6_high/01_10_29.png,10,29,newData/lines/AI Many/Passable/round1-lines_10v_cropped_padded__line-final-6x6_high__01_10_29.png,newData/lines/AI Many/Passable/10_29_high.png
lines,AI Many,Passable,high,round1-lines_10v_cropped_padded__line-final-6x6_high__01_10_34.png,10_34_high.png,round1-lines_10v_cropped_padded/line-final-6x6_high/01_10_34.png,10,34,newData/lines/AI Many/Passable/round1-lines_10v_cropped_padded__line-final-6x6_high__01_10_34.png,newData/lines/AI Many/Passable/10_34_high.png
lines,AI Many,Passable,high,round1-lines_10v_cropped_padded__line-final-6x6_high__01_1_04.png,1_04_high.png,round1-lines_10v_cropped_padded/line-final-6x6_high/01_1_04.png,1,4,newData/lines/AI Many/Passable/round1-lines_10v_cropped_padded__line-final-6x6_high__01_1_04.png,newData/lines/AI Many/Passable/1_04_high.png
lines,AI Many,Passable,high,round1-lines_10v_cropped_padded__line-final-6x6_high__01_1_10.png,1_10_high.png,round1-lines_10v_cropped_padded/line-final-6x6_high/01_1_10.png,1,10,newData/lines/AI Many/Passable/round1-lines_10v_cropped_padded__line-final-6x6_high__01_1_10.png,newData/lines/AI Many/Passable/1_10_high.png
lines,AI Many,Passable,high,round1-lines_10v_cropped_padded__line-final-6x6_high__01_1_12.png,1_12_high.png,round1-lines_10v_cropped_padded/line-final-6x6_high/01_1_12.png,1,12,newData/lines/AI Many/Passable/round1-lines_10v_cropped_padded__line-final-6x6_high__01_1_12.png,newData/lines/AI Many/Passable/1_12_high.png
lines,AI Many,Passable,high,round1-lines_10v_cropped_padded__line-final-6x6_high__01_1_24.png,1_24_high.png,round1-lines_10v_cropped_padded/line-final-6x6_high/01_1_24.png,1,24,newData/lines/AI Many/Passable/round1-lines_10v_cropped_padded__line-final-6x6_high__01_1_24.png,newData/lines/AI Many/Passable/1_24_high.png
lines,AI Many,Passable,high,round1-lines_10v_cropped_padded__line-final-6x6_high__01_1_33.png,1_33_high.png,round1-lines_10v_cropped_padded/line-final-6x6_high/01_1_33.png,1,33,newData/lines/AI Many/Passable/round1-lines_10v_cropped_padded__line-final-6x6_high__01_1_33.png,newData/lines/AI Many/Passable/1_33_high.png
lines,AI Many,Passable,high,round1-lines_10v_cropped_padded__line-final-6x6_high__01_2_02.png,2_02_high.png,round1-lines_10v_cropped_padded/line-final-6x6_high/01_2_02.png,2,2,newData/lines/AI Many/Passable/round1-lines_10v_cropped_padded__line-final-6x6_high__01_2_02.png,newData/lines/AI Many/Passable/2_02_high.png
lines,AI Many,Passable,high,round1-lines_10v_cropped_padded__line-final-6x6_high__01_2_08.png,2_08_high.png,round1-lines_10v_cropped_padded/line-final-6x6_high/01_2_08.png,2,8,newData/lines/AI Many/Passable/round1-lines_10v_cropped_padded__line-final-6x6_high__01_2_08.png,newData/lines/AI Many/Passable/2_08_high.png
lines,AI Many,Passable,high,round1-lines_10v_cropped_padded__line-final-6x6_high__01_2_10.png,2_10_high.png,round1-lines_10v_cropped_padded/line-final-6x6_high/01_2_10.png,2,10,newData/lines/AI Many/Passable/round1-lines_10v_cropped_padded__line-final-6x6_high__01_2_10.png,newData/lines/AI Many/Passable/2_10_high.png
lines,AI Many,Passable,high,round1-lines_10v_cropped_padded__line-final-6x6_high__01_2_13.png,2_13_high.png,round1-lines_10v_cropped_padded/line-final-6x6_high/01_2_13.png,2,13,newData/lines/AI Many/Passable/round1-lines_10v_cropped_padded__line-final-6x6_high__01_2_13.png,newData/lines/AI Many/Passable/2_13_high.png
lines,AI Many,Passable,high,round1-lines_10v_cropped_padded__line-final-6x6_high__01_2_19.png,2_19_high.png,round1-lines_10v_cropped_padded/line-final-6x6_high/01_2_19.png,2,19,newData/lines/AI Many/Passable/round1-lines_10v_cropped_padded__line-final-6x6_high__01_2_19.png,newData/lines/AI Many/Passable/2_19_high.png
lines,AI Many,Passable,high,round1-lines_10v_cropped_padded__line-final-6x6_high__01_2_20.png,2_20_high.png,round1-lines_10v_cropped_padded/line-final-6x6_high/01_2_20.png,2,20,newData/lines/AI Many/Passable/round1-lines_10v_cropped_padded__line-final-6x6_high__01_2_20.png,newData/lines/AI Many/Passable/2_20_high.png
lines,AI Many,Passable,medium,round1-lines_10v_cropped_padded__line-final-6x6_medium__01_10_02.png,10_02_medium.png,round1-lines_10v_cropped_padded/line-final-6x6_medium/01_10_02.png,10,2,newData/lines/AI Many/Passable/round1-lines_10v_cropped_padded__line-final-6x6_medium__01_10_02.png,newData/lines/AI Many/Passable/10_02_medium.png
lines,AI Many,Passable,medium,round1-lines_10v_cropped_padded__line-final-6x6_medium__01_10_04.png,10_04_medium.png,round1-lines_10v_cropped_padded/line-final-6x6_medium/01_10_04.png,10,4,newData/lines/AI Many/Passable/round1-lines_10v_cropped_padded__line-final-6x6_medium__01_10_04.png,newData/lines/AI Many/Passable/10_04_medium.png
lines,AI Many,Passable,medium,round1-lines_10v_cropped_padded__line-final-6x6_medium__01_10_11.png,10_11_medium.png,round1-lines_10v_cropped_padded/line-final-6x6_medium/01_10_11.png,10,11,newData/lines/AI Many/Passable/round1-lines_10v_cropped_padded__line-final-6x6_medium__01_10_11.png,newData/lines/AI Many/Passable/10_11_medium.png
lines,AI Many,Passable,medium,round1-lines_10v_cropped_padded__line-final-6x6_medium__01_10_13.png,10_13_medium.png,round1-lines_10v_cropped_padded/line-final-6x6_medium/01_10_13.png,10,13,newData/lines/AI Many/Passable/round1-lines_10v_cropped_padded__line-final-6x6_medium__01_10_13.png,newData/lines/AI Many/Passable/10_13_medium.png
lines,AI Many,Passable,medium,round1-lines_10v_cropped_padded__line-final-6x6_medium__01_10_14.png,10_14_medium.png,round1-lines_10v_cropped_padded/line-final-6x6_medium/01_10_14.png,10,14,newData/lines/AI Many/Passable/round1-lines_10v_cropped_padded__line-final-6x6_medium__01_10_14.png,newData/lines/AI Many/Passable/10_14_medium.png
lines,AI Many,Passable,medium,round1-lines_10v_cropped_padded__line-final-6x6_medium__01_10_18.png,10_18_medium.png,round1-lines_10v_cropped_padded/line-final-6x6_medium/01_10_18.png,10,18,newData/lines/AI Many/Passable/round1-lines_10v_cropped_padded__line-final-6x6_medium__01_10_18.png,newData/lines/AI Many/Passable/10_18_medium.png
lines,AI Many,Passable,medium,round1-lines_10v_cropped_padded__line-final-6x6_medium__01_10_29.png,10_29_medium.png,round1-lines_10v_cropped_padded/line-final-6x6_medium/01_10_29.png,10,29,newData/lines/AI Many/Passable/round1-lines_10v_cropped_padded__line-final-6x6_medium__01_10_29.png,newData/lines/AI Many/Passable/10_29_medium.png
lines,AI Many,Passable,medium,round1-lines_10v_cropped_padded__line-final-6x6_medium__01_2_05.png,2_05_medium.png,round1-lines_10v_cropped_padded/line-final-6x6_medium/01_2_05.png,2,5,newData/lines/AI Many/Passable/round1-lines_10v_cropped_padded__line-final-6x6_medium__01_2_05.png,newData/lines/AI Many/Passable/2_05_medium.png
lines,AI Many,Passable,medium,round1-lines_10v_cropped_padded__line-final-6x6_medium__01_2_11.png,2_11_medium.png,round1-lines_10v_cropped_padded/line-final-6x6_medium/01_2_11.png,2,11,newData/lines/AI Many/Passable/round1-lines_10v_cropped_padded__line-final-6x6_medium__01_2_11.png,newData/lines/AI Many/Passable/2_11_medium.png
lines,AI Many,Passable,medium,round1-lines_10v_cropped_padded__line-final-6x6_medium__01_2_19.png,2_19_medium.png,round1-lines_10v_cropped_padded/line-final-6x6_medium/01_2_19.png,2,19,newData/lines/AI Many/Passable/round1-lines_10v_cropped_padded__line-final-6x6_medium__01_2_19.png,newData/lines/AI Many/Passable/2_19_medium.png
lines,AI Many,Passable,medium,round1-lines_10v_cropped_padded__line-final-6x6_medium__01_2_23.png,2_23_medium.png,round1-lines_10v_cropped_padded/line-final-6x6_medium/01_2_23.png,2,23,newData/lines/AI Many/Passable/round1-lines_10v_cropped_padded__line-final-6x6_medium__01_2_23.png,newData/lines/AI Many/Passable/2_23_medium.png
lines,AI Many,Passable,medium,round1-lines_10v_cropped_padded__line-final-6x6_medium__01_2_25.png,2_25_medium.png,round1-lines_10v_cropped_padded/line-final-6x6_medium/01_2_25.png,2,25,newData/lines/AI Many/Passable/round1-lines_10v_cropped_padded__line-final-6x6_medium__01_2_25.png,newData/lines/AI Many/Passable/2_25_medium.png
lines,AI Many,Perfect,high,round1-lines_10v_cropped_padded__line-final-6x6_high__01_10_01.png,10_01_high.png,round1-lines_10v_cropped_padded/line-final-6x6_high/01_10_01.png,10,1,newData/lines/AI Many/Perfect/round1-lines_10v_cropped_padded__line-final-6x6_high__01_10_01.png,newData/lines/AI Many/Perfect/10_01_high.png
lines,AI Many,Perfect,high,round1-lines_10v_cropped_padded__line-final-6x6_high__01_10_03.png,10_03_high.png,round1-lines_10v_cropped_padded/line-final-6x6_high/01_10_03.png,10,3,newData/lines/AI Many/Perfect/round1-lines_10v_cropped_padded__line-final-6x6_high__01_10_03.png,newData/lines/AI Many/Perfect/10_03_high.png
lines,AI Many,Perfect,high,round1-lines_10v_cropped_padded__line-final-6x6_high__01_10_04.png,10_04_high.png,round1-lines_10v_cropped_padded/line-final-6x6_high/01_10_04.png,10,4,newData/lines/AI Many/Perfect/round1-lines_10v_cropped_padded__line-final-6x6_high__01_10_04.png,newData/lines/AI Many/Perfect/10_04_high.png
lines,AI Many,Perfect,high,round1-lines_10v_cropped_padded__line-final-6x6_high__01_10_13.png,10_13_high.png,round1-lines_10v_cropped_padded/line-final-6x6_high/01_10_13.png,10,13,newData/lines/AI Many/Perfect/round1-lines_10v_cropped_padded__line-final-6x6_high__01_10_13.png,newData/lines/AI Many/Perfect/10_13_high.png
lines,AI Many,Perfect,high,round1-lines_10v_cropped_padded__line-final-6x6_high__01_10_15.png,10_15_high.png,round1-lines_10v_cropped_padded/line-final-6x6_high/01_10_15.png,10,15,newData/lines/AI Many/Perfect/round1-lines_10v_cropped_padded__line-final-6x6_high__01_10_15.png,newData/lines/AI Many/Perfect/10_15_high.png
lines,AI Many,Perfect,high,round1-lines_10v_cropped_padded__line-final-6x6_high__01_10_18.png,10_18_high.png,round1-lines_10v_cropped_padded/line-final-6x6_high/01_10_18.png,10,18,newData/lines/AI Many/Perfect/round1-lines_10v_cropped_padded__line-final-6x6_high__01_10_18.png,newData/lines/AI Many/Perfect/10_18_high.png
lines,AI Many,Perfect,high,round1-lines_10v_cropped_padded__line-final-6x6_high__01_10_19.png,10_19_high.png,round1-lines_10v_cropped_padded/line-final-6x6_high/01_10_19.png,10,19,newData/lines/AI Many/Perfect/round1-lines_10v_cropped_padded__line-final-6x6_high__01_10_19.png,newData/lines/AI Many/Perfect/10_19_high.png
lines,AI Many,Perfect,high,round1-lines_10v_cropped_padded__line-final-6x6_high__01_10_21.png,10_21_high.png,round1-lines_10v_cropped_padded/line-final-6x6_high/01_10_21.png,10,21,newData/lines/AI Many/Perfect/round1-lines_10v_cropped_padded__line-final-6x6_high__01_10_21.png,newData/lines/AI Many/Perfect/10_21_high.png
lines,AI Many,Perfect,high,round1-lines_10v_cropped_padded__line-final-6x6_high__01_10_25.png,10_25_high.png,round1-lines_10v_cropped_padded/line-final-6x6_high/01_10_25.png,10,25,newData/lines/AI Many/Perfect/round1-lines_10v_cropped_padded__line-final-6x6_high__01_10_25.png,newData/lines/AI Many/Perfect/10_25_high.png
lines,AI Many,Perfect,high,round1-lines_10v_cropped_padded__line-final-6x6_high__01_10_26.png,10_26_high.png,round1-lines_10v_cropped_padded/line-final-6x6_high/01_10_26.png,10,26,newData/lines/AI Many/Perfect/round1-lines_10v_cropped_padded__line-final-6x6_high__01_10_26.png,newData/lines/AI Many/Perfect/10_26_high.png
lines,AI Many,Perfect,high,round1-lines_10v_cropped_padded__line-final-6x6_high__01_10_32.png,10_32_high.png,round1-lines_10v_cropped_padded/line-final-6x6_high/01_10_32.png,10,32,newData/lines/AI Many/Perfect/round1-lines_10v_cropped_padded__line-final-6x6_high__01_10_32.png,newData/lines/AI Many/Perfect/10_32_high.png
lines,AI Many,Perfect,high,round1-lines_10v_cropped_padded__line-final-6x6_high__01_10_36.png,10_36_high.png,round1-lines_10v_cropped_padded/line-final-6x6_high/01_10_36.png,10,36,newData/lines/AI Many/Perfect/round1-lines_10v_cropped_padded__line-final-6x6_high__01_10_36.png,newData/lines/AI Many/Perfect/10_36_high.png
lines,AI Many,Perfect,high,round1-lines_10v_cropped_padded__line-final-6x6_high__01_1_02.png,1_02_high.png,round1-lines_10v_cropped_padded/line-final-6x6_high/01_1_02.png,1,2,newData/lines/AI Many/Perfect/round1-lines_10v_cropped_padded__line-final-6x6_high__01_1_02.png,newData/lines/AI Many/Perfect/1_02_high.png
lines,AI Many,Perfect,high,round1-lines_10v_cropped_padded__line-final-6x6_high__01_1_03.png,1_03_high.png,round1-lines_10v_cropped_padded/line-final-6x6_high/01_1_03.png,1,3,newData/lines/AI Many/Perfect/round1-lines_10v_cropped_padded__line-final-6x6_high__01_1_03.png,newData/lines/AI Many/Perfect/1_03_high.png
lines,AI Many,Perfect,high,round1-lines_10v_cropped_padded__line-final-6x6_high__01_1_07.png,1_07_high.png,round1-lines_10v_cropped_padded/line-final-6x6_high/01_1_07.png,1,7,newData/lines/AI Many/Perfect/round1-lines_10v_cropped_padded__line-final-6x6_high__01_1_07.png,newData/lines/AI Many/Perfect/1_07_high.png
lines,AI Many,Perfect,high,round1-lines_10v_cropped_padded__line-final-6x6_high__01_1_08.png,1_08_high.png,round1-lines_10v_cropped_padded/line-final-6x6_high/01_1_08.png,1,8,newData/lines/AI Many/Perfect/round1-lines_10v_cropped_padded__line-final-6x6_high__01_1_08.png,newData/lines/AI Many/Perfect/1_08_high.png
lines,AI Many,Perfect,high,round1-lines_10v_cropped_padded__line-final-6x6_high__01_1_09.png,1_09_high.png,round1-lines_10v_cropped_padded/line-final-6x6_high/01_1_09.png,1,9,newData/lines/AI Many/Perfect/round1-lines_10v_cropped_padded__line-final-6x6_high__01_1_09.png,newData/lines/AI Many/Perfect/1_09_high.png
lines,AI Many,Perfect,high,round1-lines_10v_cropped_padded__line-final-6x6_high__01_1_11.png,1_11_high.png,round1-lines_10v_cropped_padded/line-final-6x6_high/01_1_11.png,1,11,newData/lines/AI Many/Perfect/round1-lines_10v_cropped_padded__line-final-6x6_high__01_1_11.png,newData/lines/AI Many/Perfect/1_11_high.png
lines,AI Many,Perfect,high,round1-lines_10v_cropped_padded__line-final-6x6_high__01_1_13.png,1_13_high.png,round1-lines_10v_cropped_padded/line-final-6x6_high/01_1_13.png,1,13,newData/lines/AI Many/Perfect/round1-lines_10v_cropped_padded__line-final-6x6_high__01_1_13.png,newData/lines/AI Many/Perfect/1_13_high.png
lines,AI Many,Perfect,high,round1-lines_10v_cropped_padded__line-final-6x6_high__01_1_14.png,1_14_high.png,round1-lines_10v_cropped_padded/line-final-6x6_high/01_1_14.png,1,14,newData/lines/AI Many/Perfect/round1-lines_10v_cropped_padded__line-final-6x6_high__01_1_14.png,newData/lines/AI Many/Perfect/1_14_high.png
lines,AI Many,Perfect,high,round1-lines_10v_cropped_padded__line-final-6x6_high__01_1_16.png,1_16_high.png,round1-lines_10v_cropped_padded/line-final-6x6_high/01_1_16.png,1,16,newData/lines/AI Many/Perfect/round1-lines_10v_cropped_padded__line-final-6x6_high__01_1_16.png,newData/lines/AI Many/Perfect/1_16_high.png
lines,AI Many,Perfect,high,round1-lines_10v_cropped_padded__line-final-6x6_high__01_1_19.png,1_19_high.png,round1-lines_10v_cropped_padded/line-final-6x6_high/01_1_19.png,1,19,newData/lines/AI Many/Perfect/round1-lines_10v_cropped_padded__line-final-6x6_high__01_1_19.png,newData/lines/AI Many/Perfect/1_19_high.png
lines,AI Many,Perfect,high,round1-lines_10v_cropped_padded__line-final-6x6_high__01_1_20.png,1_20_high.png,round1-lines_10v_cropped_padded/line-final-6x6_high/01_1_20.png,1,20,newData/lines/AI Many/Perfect/round1-lines_10v_cropped_padded__line-final-6x6_high__01_1_20.png,newData/lines/AI Many/Perfect/1_20_high.png
lines,AI Many,Perfect,high,round1-lines_10v_cropped_padded__line-final-6x6_high__01_1_22.png,1_22_high.png,round1-lines_10v_cropped_padded/line-final-6x6_high/01_1_22.png,1,22,newData/lines/AI Many/Perfect/round1-lines_10v_cropped_padded__line-final-6x6_high__01_1_22.png,newData/lines/AI Many/Perfect/1_22_high.png
lines,AI Many,Perfect,high,round1-lines_10v_cropped_padded__line-final-6x6_high__01_1_23.png,1_23_high.png,round1-lines_10v_cropped_padded/line-final-6x6_high/01_1_23.png,1,23,newData/lines/AI Many/Perfect/round1-lines_10v_cropped_padded__line-final-6x6_high__01_1_23.png,newData/lines/AI Many/Perfect/1_23_high.png
lines,AI Many,Perfect,high,round1-lines_10v_cropped_padded__line-final-6x6_high__01_1_25.png,1_25_high.png,round1-lines_10v_cropped_padded/line-final-6x6_high/01_1_25.png,1,25,newData/lines/AI Many/Perfect/round1-lines_10v_cropped_padded__line-final-6x6_high__01_1_25.png,newData/lines/AI Many/Perfect/1_25_high.png
lines,AI Many,Perfect,high,round1-lines_10v_cropped_padded__line-final-6x6_high__01_1_30.png,1_30_high.png,round1-lines_10v_cropped_padded/line-final-6x6_high/01_1_30.png,1,30,newData/lines/AI Many/Perfect/round1-lines_10v_cropped_padded__line-final-6x6_high__01_1_30.png,newData/lines/AI Many/Perfect/1_30_high.png
lines,AI Many,Perfect,high,round1-lines_10v_cropped_padded__line-final-6x6_high__01_1_32.png,1_32_high.png,round1-lines_10v_cropped_padded/line-final-6x6_high/01_1_32.png,1,32,newData/lines/AI Many/Perfect/round1-lines_10v_cropped_padded__line-final-6x6_high__01_1_32.png,newData/lines/AI Many/Perfect/1_32_high.png
lines,AI Many,Perfect,high,round1-lines_10v_cropped_padded__line-final-6x6_high__01_1_36.png,1_36_high.png,round1-lines_10v_cropped_padded/line-final-6x6_high/01_1_36.png,1,36,newData/lines/AI Many/Perfect/round1-lines_10v_cropped_padded__line-final-6x6_high__01_1_36.png,newData/lines/AI Many/Perfect/1_36_high.png
lines,AI Many,Perfect,high,round1-lines_10v_cropped_padded__line-final-6x6_high__01_2_01.png,2_01_high.png,round1-lines_10v_cropped_padded/line-final-6x6_high/01_2_01.png,2,1,newData/lines/AI Many/Perfect/round1-lines_10v_cropped_padded__line-final-6x6_high__01_2_01.png,newData/lines/AI Many/Perfect/2_01_high.png
lines,AI Many,Perfect,high,round1-lines_10v_cropped_padded__line-final-6x6_high__01_2_03.png,2_03_high.png,round1-lines_10v_cropped_padded/line-final-6x6_high/01_2_03.png,2,3,newData/lines/AI Many/Perfect/round1-lines_10v_cropped_padded__line-final-6x6_high__01_2_03.png,newData/lines/AI Many/Perfect/2_03_high.png
lines,AI Many,Perfect,high,round1-lines_10v_cropped_padded__line-final-6x6_high__01_2_04.png,2_04_high.png,round1-lines_10v_cropped_padded/line-final-6x6_high/01_2_04.png,2,4,newData/lines/AI Many/Perfect/round1-lines_10v_cropped_padded__line-final-6x6_high__01_2_04.png,newData/lines/AI Many/Perfect/2_04_high.png
lines,AI Many,Perfect,high,round1-lines_10v_cropped_padded__line-final-6x6_high__01_2_06.png,2_06_high.png,round1-lines_10v_cropped_padded/line-final-6x6_high/01_2_06.png,2,6,newData/lines/AI Many/Perfect/round1-lines_10v_cropped_padded__line-final-6x6_high__01_2_06.png,newData/lines/AI Many/Perfect/2_06_high.png
lines,AI Many,Perfect,high,round1-lines_10v_cropped_padded__line-final-6x6_high__01_2_07.png,2_07_high.png,round1-lines_10v_cropped_padded/line-final-6x6_high/01_2_07.png,2,7,newData/lines/AI Many/Perfect/round1-lines_10v_cropped_padded__line-final-6x6_high__01_2_07.png,newData/lines/AI Many/Perfect/2_07_high.png
lines,AI Many,Perfect,high,round1-lines_10v_cropped_padded__line-final-6x6_high__01_2_09.png,2_09_high.png,round1-lines_10v_cropped_padded/line-final-6x6_high/01_2_09.png,2,9,newData/lines/AI Many/Perfect/round1-lines_10v_cropped_padded__line-final-6x6_high__01_2_09.png,newData/lines/AI Many/Perfect/2_09_high.png
lines,AI Many,Perfect,high,round1-lines_10v_cropped_padded__line-final-6x6_high__01_2_11.png,2_11_high.png,round1-lines_10v_cropped_padded/line-final-6x6_high/01_2_11.png,2,11,newData/lines/AI Many/Perfect/round1-lines_10v_cropped_padded__line-final-6x6_high__01_2_11.png,newData/lines/AI Many/Perfect/2_11_high.png
lines,AI Many,Perfect,high,round1-lines_10v_cropped_padded__line-final-6x6_high__01_2_12.png,2_12_high.png,round1-lines_10v_cropped_padded/line-final-6x6_high/01_2_12.png,2,12,newData/lines/AI Many/Perfect/round1-lines_10v_cropped_padded__line-final-6x6_high__01_2_12.png,newData/lines/AI Many/Perfect/2_12_high.png
lines,AI Many,Perfect,high,round1-lines_10v_cropped_padded__line-final-6x6_high__01_2_14.png,2_14_high.png,round1-lines_10v_cropped_padded/line-final-6x6_high/01_2_14.png,2,14,newData/lines/AI Many/Perfect/round1-lines_10v_cropped_padded__line-final-6x6_high__01_2_14.png,newData/lines/AI Many/Perfect/2_14_high.png
lines,AI Many,Perfect,high,round1-lines_10v_cropped_padded__line-final-6x6_high__01_2_16.png,2_16_high.png,round1-lines_10v_cropped_padded/line-final-6x6_high/01_2_16.png,2,16,newData/lines/AI Many/Perfect/round1-lines_10v_cropped_padded__line-final-6x6_high__01_2_16.png,newData/lines/AI Many/Perfect/2_16_high.png
lines,AI Many,Perfect,high,round1-lines_10v_cropped_padded__line-final-6x6_high__01_2_18.png,2_18_high.png,round1-lines_10v_cropped_padded/line-final-6x6_high/01_2_18.png,2,18,newData/lines/AI Many/Perfect/round1-lines_10v_cropped_padded__line-final-6x6_high__01_2_18.png,newData/lines/AI Many/Perfect/2_18_high.png
lines,AI Many,Perfect,high,round1-lines_10v_cropped_padded__line-final-6x6_high__01_2_28.png,2_28_high.png,round1-lines_10v_cropped_padded/line-final-6x6_high/01_2_28.png,2,28,newData/lines/AI Many/Perfect/round1-lines_10v_cropped_padded__line-final-6x6_high__01_2_28.png,newData/lines/AI Many/Perfect/2_28_high.png
lines,AI Many,Perfect,high,round1-lines_10v_cropped_padded__line-final-6x6_high__01_2_30.png,2_30_high.png,round1-lines_10v_cropped_padded/line-final-6x6_high/01_2_30.png,2,30,newData/lines/AI Many/Perfect/round1-lines_10v_cropped_padded__line-final-6x6_high__01_2_30.png,newData/lines/AI Many/Perfect/2_30_high.png
lines,AI Many,Perfect,medium,round1-lines_10v_cropped_padded__line-final-6x6_medium__01_10_01.png,10_01_medium.png,round1-lines_10v_cropped_padded/line-final-6x6_medium/01_10_01.png,10,1,newData/lines/AI Many/Perfect/round1-lines_10v_cropped_padded__line-final-6x6_medium__01_10_01.png,newData/lines/AI Many/Perfect/10_01_medium.png
lines,AI Many,Perfect,medium,round1-lines_10v_cropped_padded__line-final-6x6_medium__01_10_03.png,10_03_medium.png,round1-lines_10v_cropped_padded/line-final-6x6_medium/01_10_03.png,10,3,newData/lines/AI Many/Perfect/round1-lines_10v_cropped_padded__line-final-6x6_medium__01_10_03.png,newData/lines/AI Many/Perfect/10_03_medium.png
lines,AI Many,Perfect,medium,round1-lines_10v_cropped_padded__line-final-6x6_medium__01_10_05.png,10_05_medium.png,round1-lines_10v_cropped_padded/line-final-6x6_medium/01_10_05.png,10,5,newData/lines/AI Many/Perfect/round1-lines_10v_cropped_padded__line-final-6x6_medium__01_10_05.png,newData/lines/AI Many/Perfect/10_05_medium.png
lines,AI Many,Perfect,medium,round1-lines_10v_cropped_padded__line-final-6x6_medium__01_10_12.png,10_12_medium.png,round1-lines_10v_cropped_padded/line-final-6x6_medium/01_10_12.png,10,12,newData/lines/AI Many/Perfect/round1-lines_10v_cropped_padded__line-final-6x6_medium__01_10_12.png,newData/lines/AI Many/Perfect/10_12_medium.png
lines,AI Many,Perfect,medium,round1-lines_10v_cropped_padded__line-final-6x6_medium__01_10_15.png,10_15_medium.png,round1-lines_10v_cropped_padded/line-final-6x6_medium/01_10_15.png,10,15,newData/lines/AI Many/Perfect/round1-lines_10v_cropped_padded__line-final-6x6_medium__01_10_15.png,newData/lines/AI Many/Perfect/10_15_medium.png
lines,AI Many,Perfect,medium,round1-lines_10v_cropped_padded__line-final-6x6_medium__01_10_17.png,10_17_medium.png,round1-lines_10v_cropped_padded/line-final-6x6_medium/01_10_17.png,10,17,newData/lines/AI Many/Perfect/round1-lines_10v_cropped_padded__line-final-6x6_medium__01_10_17.png,newData/lines/AI Many/Perfect/10_17_medium.png
lines,AI Many,Perfect,medium,round1-lines_10v_cropped_padded__line-final-6x6_medium__01_10_20.png,10_20_medium.png,round1-lines_10v_cropped_padded/line-final-6x6_medium/01_10_20.png,10,20,newData/lines/AI Many/Perfect/round1-lines_10v_cropped_padded__line-final-6x6_medium__01_10_20.png,newData/lines/AI Many/Perfect/10_20_medium.png
lines,AI Many,Perfect,medium,round1-lines_10v_cropped_padded__line-final-6x6_medium__01_10_27.png,10_27_medium.png,round1-lines_10v_cropped_padded/line-final-6x6_medium/01_10_27.png,10,27,newData/lines/AI Many/Perfect/round1-lines_10v_cropped_padded__line-final-6x6_medium__01_10_27.png,newData/lines/AI Many/Perfect/10_27_medium.png
lines,AI Many,Perfect,medium,round1-lines_10v_cropped_padded__line-final-6x6_medium__01_10_28.png,10_28_medium.png,round1-lines_10v_cropped_padded/line-final-6x6_medium/01_10_28.png,10,28,newData/lines/AI Many/Perfect/round1-lines_10v_cropped_padded__line-final-6x6_medium__01_10_28.png,newData/lines/AI Many/Perfect/10_28_medium.png
lines,AI Many,Perfect,medium,round1-lines_10v_cropped_padded__line-final-6x6_medium__01_10_31.png,10_31_medium.png,round1-lines_10v_cropped_padded/line-final-6x6_medium/01_10_31.png,10,31,newData/lines/AI Many/Perfect/round1-lines_10v_cropped_padded__line-final-6x6_medium__01_10_31.png,newData/lines/AI Many/Perfect/10_31_medium.png
lines,AI Many,Perfect,medium,round1-lines_10v_cropped_padded__line-final-6x6_medium__01_10_32.png,10_32_medium.png,round1-lines_10v_cropped_padded/line-final-6x6_medium/01_10_32.png,10,32,newData/lines/AI Many/Perfect/round1-lines_10v_cropped_padded__line-final-6x6_medium__01_10_32.png,newData/lines/AI Many/Perfect/10_32_medium.png
lines,AI Many,Perfect,medium,round1-lines_10v_cropped_padded__line-final-6x6_medium__01_10_33.png,10_33_medium.png,round1-lines_10v_cropped_padded/line-final-6x6_medium/01_10_33.png,10,33,newData/lines/AI Many/Perfect/round1-lines_10v_cropped_padded__line-final-6x6_medium__01_10_33.png,newData/lines/AI Many/Perfect/10_33_medium.png
lines,AI Many,Perfect,medium,round1-lines_10v_cropped_padded__line-final-6x6_medium__01_10_34.png,10_34_medium.png,round1-lines_10v_cropped_padded/line-final-6x6_medium/01_10_34.png,10,34,newData/lines/AI Many/Perfect/round1-lines_10v_cropped_padded__line-final-6x6_medium__01_10_34.png,newData/lines/AI Many/Perfect/10_34_medium.png
lines,AI Many,Perfect,medium,round1-lines_10v_cropped_padded__line-final-6x6_medium__01_10_35.png,10_35_medium.png,round1-lines_10v_cropped_padded/line-final-6x6_medium/01_10_35.png,10,35,newData/lines/AI Many/Perfect/round1-lines_10v_cropped_padded__line-final-6x6_medium__01_10_35.png,newData/lines/AI Many/Perfect/10_35_medium.png
lines,AI Many,Perfect,medium,round1-lines_10v_cropped_padded__line-final-6x6_medium__01_2_01.png,2_01_medium.png,round1-lines_10v_cropped_padded/line-final-6x6_medium/01_2_01.png,2,1,newData/lines/AI Many/Perfect/round1-lines_10v_cropped_padded__line-final-6x6_medium__01_2_01.png,newData/lines/AI Many/Perfect/2_01_medium.png
lines,AI Many,Perfect,medium,round1-lines_10v_cropped_padded__line-final-6x6_medium__01_2_03.png,2_03_medium.png,round1-lines_10v_cropped_padded/line-final-6x6_medium/01_2_03.png,2,3,newData/lines/AI Many/Perfect/round1-lines_10v_cropped_padded__line-final-6x6_medium__01_2_03.png,newData/lines/AI Many/Perfect/2_03_medium.png
lines,AI Many,Perfect,medium,round1-lines_10v_cropped_padded__line-final-6x6_medium__01_2_04.png,2_04_medium.png,round1-lines_10v_cropped_padded/line-final-6x6_medium/01_2_04.png,2,4,newData/lines/AI Many/Perfect/round1-lines_10v_cropped_padded__line-final-6x6_medium__01_2_04.png,newData/lines/AI Many/Perfect/2_04_medium.png
lines,AI Many,Perfect,medium,round1-lines_10v_cropped_padded__line-final-6x6_medium__01_2_06.png,2_06_medium.png,round1-lines_10v_cropped_padded/line-final-6x6_medium/01_2_06.png,2,6,newData/lines/AI Many/Perfect/round1-lines_10v_cropped_padded__line-final-6x6_medium__01_2_06.png,newData/lines/AI Many/Perfect/2_06_medium.png
lines,AI Many,Perfect,medium,round1-lines_10v_cropped_padded__line-final-6x6_medium__01_2_07.png,2_07_medium.png,round1-lines_10v_cropped_padded/line-final-6x6_medium/01_2_07.png,2,7,newData/lines/AI Many/Perfect/round1-lines_10v_cropped_padded__line-final-6x6_medium__01_2_07.png,newData/lines/AI Many/Perfect/2_07_medium.png
lines,AI Many,Perfect,medium,round1-lines_10v_cropped_padded__line-final-6x6_medium__01_2_08.png,2_08_medium.png,round1-lines_10v_cropped_padded/line-final-6x6_medium/01_2_08.png,2,8,newData/lines/AI Many/Perfect/round1-lines_10v_cropped_padded__line-final-6x6_medium__01_2_08.png,newData/lines/AI Many/Perfect/2_08_medium.png
lines,AI Many,Perfect,medium,round1-lines_10v_cropped_padded__line-final-6x6_medium__01_2_09.png,2_09_medium.png,round1-lines_10v_cropped_padded/line-final-6x6_medium/01_2_09.png,2,9,newData/lines/AI Many/Perfect/round1-lines_10v_cropped_padded__line-final-6x6_medium__01_2_09.png,newData/lines/AI Many/Perfect/2_09_medium.png
lines,AI Many,Perfect,medium,round1-lines_10v_cropped_padded__line-final-6x6_medium__01_2_12.png,2_12_medium.png,round1-lines_10v_cropped_padded/line-final-6x6_medium/01_2_12.png,2,12,newData/lines/AI Many/Perfect/round1-lines_10v_cropped_padded__line-final-6x6_medium__01_2_12.png,newData/lines/AI Many/Perfect/2_12_medium.png
lines,AI Many,Perfect,medium,round1-lines_10v_cropped_padded__line-final-6x6_medium__01_2_15.png,2_15_medium.png,round1-lines_10v_cropped_padded/line-final-6x6_medium/01_2_15.png,2,15,newData/lines/AI Many/Perfect/round1-lines_10v_cropped_padded__line-final-6x6_medium__01_2_15.png,newData/lines/AI Many/Perfect/2_15_medium.png
lines,AI Many,Perfect,medium,round1-lines_10v_cropped_padded__line-final-6x6_medium__01_2_17.png,2_17_medium.png,round1-lines_10v_cropped_padded/line-final-6x6_medium/01_2_17.png,2,17,newData/lines/AI Many/Perfect/round1-lines_10v_cropped_padded__line-final-6x6_medium__01_2_17.png,newData/lines/AI Many/Perfect/2_17_medium.png
lines,AI Many,Perfect,medium,round1-lines_10v_cropped_padded__line-final-6x6_medium__01_2_18.png,2_18_medium.png,round1-lines_10v_cropped_padded/line-final-6x6_medium/01_2_18.png,2,18,newData/lines/AI Many/Perfect/round1-lines_10v_cropped_padded__line-final-6x6_medium__01_2_18.png,newData/lines/AI Many/Perfect/2_18_medium.png
lines,AI Many,Perfect,medium,round1-lines_10v_cropped_padded__line-final-6x6_medium__01_2_21.png,2_21_medium.png,round1-lines_10v_cropped_padded/line-final-6x6_medium/01_2_21.png,2,21,newData/lines/AI Many/Perfect/round1-lines_10v_cropped_padded__line-final-6x6_medium__01_2_21.png,newData/lines/AI Many/Perfect/2_21_medium.png
lines,AI Many,Perfect,medium,round1-lines_10v_cropped_padded__line-final-6x6_medium__01_2_24.png,2_24_medium.png,round1-lines_10v_cropped_padded/line-final-6x6_medium/01_2_24.png,2,24,newData/lines/AI Many/Perfect/round1-lines_10v_cropped_padded__line-final-6x6_medium__01_2_24.png,newData/lines/AI Many/Perfect/2_24_medium.png
lines,AI Many,Perfect,medium,round1-lines_10v_cropped_padded__line-final-6x6_medium__01_2_30.png,2_30_medium.png,round1-lines_10v_cropped_padded/line-final-6x6_medium/01_2_30.png,2,30,newData/lines/AI Many/Perfect/round1-lines_10v_cropped_padded__line-final-6x6_medium__01_2_30.png,newData/lines/AI Many/Perfect/2_30_medium.png
lines,AI Many,Perfect,medium,round1-lines_10v_cropped_padded__line-final-6x6_medium__01_2_35.png,2_35_medium.png,round1-lines_10v_cropped_padded/line-final-6x6_medium/01_2_35.png,2,35,newData/lines/AI Many/Perfect/round1-lines_10v_cropped_padded__line-final-6x6_medium__01_2_35.png,newData/lines/AI Many/Perfect/2_35_medium.png
